,aap_ammount,ah_ammount,th_ammount,ta_ammount,manpads_ammount,sam_ammount,descision
0,0,0,0,1,0,0,2
1,0,0,0,1,0,1,1
2,0,0,0,1,0,2,1
3,0,0,0,1,0,3,1
4,0,0,0,1,1,0,0
5,0,0,0,1,1,1,1
6,0,0,0,1,1,2,1
7,0,0,0,1,1,3,1
8,0,0,0,1,2,0,0
9,0,0,0,1,2,1,1
10,0,0,0,1,2,2,1
11,0,0,0,1,2,3,1
12,0,0,0,1,3,0,0
13,0,0,0,1,3,1,1
14,0,0,0,1,3,2,1
15,0,0,0,1,3,3,1
16,0,0,0,2,0,0,2
17,0,0,0,2,0,1,1
18,0,0,0,2,0,2,1
19,0,0,0,2,0,3,1
20,0,0,0,2,1,0,0
21,0,0,0,2,1,1,1
22,0,0,0,2,1,2,1
23,0,0,0,2,1,3,1
24,0,0,0,2,2,0,0
25,0,0,0,2,2,1,1
26,0,0,0,2,2,2,1
27,0,0,0,2,2,3,1
28,0,0,0,2,3,0,0
29,0,0,0,2,3,1,1
30,0,0,0,2,3,2,1
31,0,0,0,2,3,3,1
32,0,0,0,3,0,0,2
33,0,0,0,3,0,1,1
34,0,0,0,3,0,2,1
35,0,0,0,3,0,3,1
36,0,0,0,3,1,0,0
37,0,0,0,3,1,1,1
38,0,0,0,3,1,2,1
39,0,0,0,3,1,3,1
40,0,0,0,3,2,0,0
41,0,0,0,3,2,1,1
42,0,0,0,3,2,2,1
43,0,0,0,3,2,3,1
44,0,0,0,3,3,0,0
45,0,0,0,3,3,1,1
46,0,0,0,3,3,2,1
47,0,0,0,3,3,3,1
48,0,0,1,0,0,0,2
49,0,0,1,0,0,1,2
50,0,0,1,0,0,2,2
51,0,0,1,0,0,3,2
52,0,0,1,0,1,0,0
53,0,0,1,0,1,1,0
54,0,0,1,0,1,2,0
55,0,0,1,0,1,3,0
56,0,0,1,0,2,0,0
57,0,0,1,0,2,1,0
58,0,0,1,0,2,2,0
59,0,0,1,0,2,3,0
60,0,0,1,0,3,0,0
61,0,0,1,0,3,1,0
62,0,0,1,0,3,2,0
63,0,0,1,0,3,3,0
64,0,0,1,1,0,0,2
65,0,0,1,1,0,1,4
66,0,0,1,1,0,2,4
67,0,0,1,1,0,3,4
68,0,0,1,1,1,0,5
69,0,0,1,1,1,1,3
70,0,0,1,1,1,2,3
71,0,0,1,1,1,3,3
72,0,0,1,1,2,0,5
73,0,0,1,1,2,1,3
74,0,0,1,1,2,2,3
75,0,0,1,1,2,3,3
76,0,0,1,1,3,0,5
77,0,0,1,1,3,1,3
78,0,0,1,1,3,2,3
79,0,0,1,1,3,3,3
80,0,0,1,2,0,0,2
81,0,0,1,2,0,1,4
82,0,0,1,2,0,2,4
83,0,0,1,2,0,3,4
84,0,0,1,2,1,0,5
85,0,0,1,2,1,1,3
86,0,0,1,2,1,2,3
87,0,0,1,2,1,3,3
88,0,0,1,2,2,0,5
89,0,0,1,2,2,1,3
90,0,0,1,2,2,2,3
91,0,0,1,2,2,3,3
92,0,0,1,2,3,0,5
93,0,0,1,2,3,1,3
94,0,0,1,2,3,2,3
95,0,0,1,2,3,3,3
96,0,0,1,3,0,0,2
97,0,0,1,3,0,1,4
98,0,0,1,3,0,2,4
99,0,0,1,3,0,3,4
100,0,0,1,3,1,0,5
101,0,0,1,3,1,1,3
102,0,0,1,3,1,2,3
103,0,0,1,3,1,3,3
104,0,0,1,3,2,0,5
105,0,0,1,3,2,1,3
106,0,0,1,3,2,2,3
107,0,0,1,3,2,3,3
108,0,0,1,3,3,0,5
109,0,0,1,3,3,1,3
110,0,0,1,3,3,2,3
111,0,0,1,3,3,3,3
112,0,0,2,0,0,0,2
113,0,0,2,0,0,1,2
114,0,0,2,0,0,2,2
115,0,0,2,0,0,3,2
116,0,0,2,0,1,0,0
117,0,0,2,0,1,1,0
118,0,0,2,0,1,2,0
119,0,0,2,0,1,3,0
120,0,0,2,0,2,0,0
121,0,0,2,0,2,1,0
122,0,0,2,0,2,2,0
123,0,0,2,0,2,3,0
124,0,0,2,0,3,0,0
125,0,0,2,0,3,1,0
126,0,0,2,0,3,2,0
127,0,0,2,0,3,3,0
128,0,0,2,1,0,0,2
129,0,0,2,1,0,1,4
130,0,0,2,1,0,2,4
131,0,0,2,1,0,3,4
132,0,0,2,1,1,0,5
133,0,0,2,1,1,1,3
134,0,0,2,1,1,2,3
135,0,0,2,1,1,3,3
136,0,0,2,1,2,0,5
137,0,0,2,1,2,1,3
138,0,0,2,1,2,2,3
139,0,0,2,1,2,3,3
140,0,0,2,1,3,0,5
141,0,0,2,1,3,1,3
142,0,0,2,1,3,2,3
143,0,0,2,1,3,3,3
144,0,0,2,2,0,0,2
145,0,0,2,2,0,1,4
146,0,0,2,2,0,2,4
147,0,0,2,2,0,3,4
148,0,0,2,2,1,0,5
149,0,0,2,2,1,1,3
150,0,0,2,2,1,2,3
151,0,0,2,2,1,3,3
152,0,0,2,2,2,0,5
153,0,0,2,2,2,1,3
154,0,0,2,2,2,2,3
155,0,0,2,2,2,3,3
156,0,0,2,2,3,0,5
157,0,0,2,2,3,1,3
158,0,0,2,2,3,2,3
159,0,0,2,2,3,3,3
160,0,0,2,3,0,0,2
161,0,0,2,3,0,1,4
162,0,0,2,3,0,2,4
163,0,0,2,3,0,3,4
164,0,0,2,3,1,0,5
165,0,0,2,3,1,1,3
166,0,0,2,3,1,2,3
167,0,0,2,3,1,3,3
168,0,0,2,3,2,0,5
169,0,0,2,3,2,1,3
170,0,0,2,3,2,2,3
171,0,0,2,3,2,3,3
172,0,0,2,3,3,0,5
173,0,0,2,3,3,1,3
174,0,0,2,3,3,2,3
175,0,0,2,3,3,3,3
176,0,0,3,0,0,0,2
177,0,0,3,0,0,1,2
178,0,0,3,0,0,2,2
179,0,0,3,0,0,3,2
180,0,0,3,0,1,0,5
181,0,0,3,0,1,1,5
182,0,0,3,0,1,2,5
183,0,0,3,0,1,3,5
184,0,0,3,0,2,0,5
185,0,0,3,0,2,1,5
186,0,0,3,0,2,2,5
187,0,0,3,0,2,3,5
188,0,0,3,0,3,0,5
189,0,0,3,0,3,1,5
190,0,0,3,0,3,2,5
191,0,0,3,0,3,3,5
192,0,0,3,1,0,0,2
193,0,0,3,1,0,1,4
194,0,0,3,1,0,2,4
195,0,0,3,1,0,3,4
196,0,0,3,1,1,0,5
197,0,0,3,1,1,1,3
198,0,0,3,1,1,2,3
199,0,0,3,1,1,3,3
200,0,0,3,1,2,0,5
201,0,0,3,1,2,1,3
202,0,0,3,1,2,2,3
203,0,0,3,1,2,3,3
204,0,0,3,1,3,0,5
205,0,0,3,1,3,1,3
206,0,0,3,1,3,2,3
207,0,0,3,1,3,3,3
208,0,0,3,2,0,0,2
209,0,0,3,2,0,1,4
210,0,0,3,2,0,2,4
211,0,0,3,2,0,3,4
212,0,0,3,2,1,0,5
213,0,0,3,2,1,1,3
214,0,0,3,2,1,2,3
215,0,0,3,2,1,3,3
216,0,0,3,2,2,0,5
217,0,0,3,2,2,1,3
218,0,0,3,2,2,2,3
219,0,0,3,2,2,3,3
220,0,0,3,2,3,0,5
221,0,0,3,2,3,1,3
222,0,0,3,2,3,2,3
223,0,0,3,2,3,3,3
224,0,0,3,3,0,0,2
225,0,0,3,3,0,1,4
226,0,0,3,3,0,2,4
227,0,0,3,3,0,3,4
228,0,0,3,3,1,0,5
229,0,0,3,3,1,1,3
230,0,0,3,3,1,2,3
231,0,0,3,3,1,3,3
232,0,0,3,3,2,0,5
233,0,0,3,3,2,1,3
234,0,0,3,3,2,2,3
235,0,0,3,3,2,3,3
236,0,0,3,3,3,0,5
237,0,0,3,3,3,1,3
238,0,0,3,3,3,2,3
239,0,0,3,3,3,3,3
240,0,1,0,0,0,0,2
241,0,1,0,0,0,1,2
242,0,1,0,0,0,2,2
243,0,1,0,0,0,3,2
244,0,1,0,0,1,0,0
245,0,1,0,0,1,1,0
246,0,1,0,0,1,2,0
247,0,1,0,0,1,3,0
248,0,1,0,0,2,0,0
249,0,1,0,0,2,1,0
250,0,1,0,0,2,2,0
251,0,1,0,0,2,3,0
252,0,1,0,0,3,0,0
253,0,1,0,0,3,1,0
254,0,1,0,0,3,2,0
255,0,1,0,0,3,3,0
256,0,1,0,1,0,0,2
257,0,1,0,1,0,1,4
258,0,1,0,1,0,2,4
259,0,1,0,1,0,3,4
260,0,1,0,1,1,0,5
261,0,1,0,1,1,1,3
262,0,1,0,1,1,2,3
263,0,1,0,1,1,3,3
264,0,1,0,1,2,0,5
265,0,1,0,1,2,1,3
266,0,1,0,1,2,2,3
267,0,1,0,1,2,3,3
268,0,1,0,1,3,0,5
269,0,1,0,1,3,1,3
270,0,1,0,1,3,2,3
271,0,1,0,1,3,3,3
272,0,1,0,2,0,0,2
273,0,1,0,2,0,1,4
274,0,1,0,2,0,2,4
275,0,1,0,2,0,3,4
276,0,1,0,2,1,0,5
277,0,1,0,2,1,1,3
278,0,1,0,2,1,2,3
279,0,1,0,2,1,3,3
280,0,1,0,2,2,0,5
281,0,1,0,2,2,1,3
282,0,1,0,2,2,2,3
283,0,1,0,2,2,3,3
284,0,1,0,2,3,0,5
285,0,1,0,2,3,1,3
286,0,1,0,2,3,2,3
287,0,1,0,2,3,3,3
288,0,1,0,3,0,0,2
289,0,1,0,3,0,1,4
290,0,1,0,3,0,2,4
291,0,1,0,3,0,3,4
292,0,1,0,3,1,0,5
293,0,1,0,3,1,1,3
294,0,1,0,3,1,2,3
295,0,1,0,3,1,3,3
296,0,1,0,3,2,0,5
297,0,1,0,3,2,1,3
298,0,1,0,3,2,2,3
299,0,1,0,3,2,3,3
300,0,1,0,3,3,0,5
301,0,1,0,3,3,1,3
302,0,1,0,3,3,2,3
303,0,1,0,3,3,3,3
304,0,1,1,0,0,0,2
305,0,1,1,0,0,1,2
306,0,1,1,0,0,2,2
307,0,1,1,0,0,3,2
308,0,1,1,0,1,0,0
309,0,1,1,0,1,1,0
310,0,1,1,0,1,2,0
311,0,1,1,0,1,3,0
312,0,1,1,0,2,0,0
313,0,1,1,0,2,1,0
314,0,1,1,0,2,2,0
315,0,1,1,0,2,3,0
316,0,1,1,0,3,0,0
317,0,1,1,0,3,1,0
318,0,1,1,0,3,2,0
319,0,1,1,0,3,3,0
320,0,1,1,1,0,0,2
321,0,1,1,1,0,1,4
322,0,1,1,1,0,2,4
323,0,1,1,1,0,3,4
324,0,1,1,1,1,0,5
325,0,1,1,1,1,1,3
326,0,1,1,1,1,2,3
327,0,1,1,1,1,3,3
328,0,1,1,1,2,0,5
329,0,1,1,1,2,1,3
330,0,1,1,1,2,2,3
331,0,1,1,1,2,3,3
332,0,1,1,1,3,0,5
333,0,1,1,1,3,1,3
334,0,1,1,1,3,2,3
335,0,1,1,1,3,3,3
336,0,1,1,2,0,0,2
337,0,1,1,2,0,1,4
338,0,1,1,2,0,2,4
339,0,1,1,2,0,3,4
340,0,1,1,2,1,0,5
341,0,1,1,2,1,1,3
342,0,1,1,2,1,2,3
343,0,1,1,2,1,3,3
344,0,1,1,2,2,0,5
345,0,1,1,2,2,1,3
346,0,1,1,2,2,2,3
347,0,1,1,2,2,3,3
348,0,1,1,2,3,0,5
349,0,1,1,2,3,1,3
350,0,1,1,2,3,2,3
351,0,1,1,2,3,3,3
352,0,1,1,3,0,0,2
353,0,1,1,3,0,1,4
354,0,1,1,3,0,2,4
355,0,1,1,3,0,3,4
356,0,1,1,3,1,0,5
357,0,1,1,3,1,1,3
358,0,1,1,3,1,2,3
359,0,1,1,3,1,3,3
360,0,1,1,3,2,0,5
361,0,1,1,3,2,1,3
362,0,1,1,3,2,2,3
363,0,1,1,3,2,3,3
364,0,1,1,3,3,0,5
365,0,1,1,3,3,1,3
366,0,1,1,3,3,2,3
367,0,1,1,3,3,3,3
368,0,1,2,0,0,0,2
369,0,1,2,0,0,1,2
370,0,1,2,0,0,2,2
371,0,1,2,0,0,3,2
372,0,1,2,0,1,0,5
373,0,1,2,0,1,1,5
374,0,1,2,0,1,2,5
375,0,1,2,0,1,3,5
376,0,1,2,0,2,0,5
377,0,1,2,0,2,1,5
378,0,1,2,0,2,2,5
379,0,1,2,0,2,3,5
380,0,1,2,0,3,0,5
381,0,1,2,0,3,1,5
382,0,1,2,0,3,2,5
383,0,1,2,0,3,3,5
384,0,1,2,1,0,0,2
385,0,1,2,1,0,1,4
386,0,1,2,1,0,2,4
387,0,1,2,1,0,3,4
388,0,1,2,1,1,0,5
389,0,1,2,1,1,1,3
390,0,1,2,1,1,2,3
391,0,1,2,1,1,3,3
392,0,1,2,1,2,0,5
393,0,1,2,1,2,1,3
394,0,1,2,1,2,2,3
395,0,1,2,1,2,3,3
396,0,1,2,1,3,0,5
397,0,1,2,1,3,1,3
398,0,1,2,1,3,2,3
399,0,1,2,1,3,3,3
400,0,1,2,2,0,0,2
401,0,1,2,2,0,1,4
402,0,1,2,2,0,2,4
403,0,1,2,2,0,3,4
404,0,1,2,2,1,0,5
405,0,1,2,2,1,1,3
406,0,1,2,2,1,2,3
407,0,1,2,2,1,3,3
408,0,1,2,2,2,0,5
409,0,1,2,2,2,1,3
410,0,1,2,2,2,2,3
411,0,1,2,2,2,3,3
412,0,1,2,2,3,0,5
413,0,1,2,2,3,1,3
414,0,1,2,2,3,2,3
415,0,1,2,2,3,3,3
416,0,1,2,3,0,0,2
417,0,1,2,3,0,1,4
418,0,1,2,3,0,2,4
419,0,1,2,3,0,3,4
420,0,1,2,3,1,0,5
421,0,1,2,3,1,1,3
422,0,1,2,3,1,2,3
423,0,1,2,3,1,3,3
424,0,1,2,3,2,0,5
425,0,1,2,3,2,1,3
426,0,1,2,3,2,2,3
427,0,1,2,3,2,3,3
428,0,1,2,3,3,0,5
429,0,1,2,3,3,1,3
430,0,1,2,3,3,2,3
431,0,1,2,3,3,3,3
432,0,1,3,0,0,0,2
433,0,1,3,0,0,1,2
434,0,1,3,0,0,2,2
435,0,1,3,0,0,3,2
436,0,1,3,0,1,0,5
437,0,1,3,0,1,1,5
438,0,1,3,0,1,2,5
439,0,1,3,0,1,3,5
440,0,1,3,0,2,0,5
441,0,1,3,0,2,1,5
442,0,1,3,0,2,2,5
443,0,1,3,0,2,3,5
444,0,1,3,0,3,0,5
445,0,1,3,0,3,1,5
446,0,1,3,0,3,2,5
447,0,1,3,0,3,3,5
448,0,1,3,1,0,0,2
449,0,1,3,1,0,1,4
450,0,1,3,1,0,2,4
451,0,1,3,1,0,3,4
452,0,1,3,1,1,0,5
453,0,1,3,1,1,1,3
454,0,1,3,1,1,2,3
455,0,1,3,1,1,3,3
456,0,1,3,1,2,0,5
457,0,1,3,1,2,1,3
458,0,1,3,1,2,2,3
459,0,1,3,1,2,3,3
460,0,1,3,1,3,0,5
461,0,1,3,1,3,1,3
462,0,1,3,1,3,2,3
463,0,1,3,1,3,3,3
464,0,1,3,2,0,0,2
465,0,1,3,2,0,1,4
466,0,1,3,2,0,2,4
467,0,1,3,2,0,3,4
468,0,1,3,2,1,0,5
469,0,1,3,2,1,1,3
470,0,1,3,2,1,2,3
471,0,1,3,2,1,3,3
472,0,1,3,2,2,0,5
473,0,1,3,2,2,1,3
474,0,1,3,2,2,2,3
475,0,1,3,2,2,3,3
476,0,1,3,2,3,0,5
477,0,1,3,2,3,1,3
478,0,1,3,2,3,2,3
479,0,1,3,2,3,3,3
480,0,1,3,3,0,0,2
481,0,1,3,3,0,1,4
482,0,1,3,3,0,2,4
483,0,1,3,3,0,3,4
484,0,1,3,3,1,0,5
485,0,1,3,3,1,1,3
486,0,1,3,3,1,2,3
487,0,1,3,3,1,3,3
488,0,1,3,3,2,0,5
489,0,1,3,3,2,1,3
490,0,1,3,3,2,2,3
491,0,1,3,3,2,3,3
492,0,1,3,3,3,0,5
493,0,1,3,3,3,1,3
494,0,1,3,3,3,2,3
495,0,1,3,3,3,3,3
496,0,2,0,0,0,0,2
497,0,2,0,0,0,1,2
498,0,2,0,0,0,2,2
499,0,2,0,0,0,3,2
500,0,2,0,0,1,0,0
501,0,2,0,0,1,1,0
502,0,2,0,0,1,2,0
503,0,2,0,0,1,3,0
504,0,2,0,0,2,0,0
505,0,2,0,0,2,1,0
506,0,2,0,0,2,2,0
507,0,2,0,0,2,3,0
508,0,2,0,0,3,0,0
509,0,2,0,0,3,1,0
510,0,2,0,0,3,2,0
511,0,2,0,0,3,3,0
512,0,2,0,1,0,0,2
513,0,2,0,1,0,1,4
514,0,2,0,1,0,2,4
515,0,2,0,1,0,3,4
516,0,2,0,1,1,0,5
517,0,2,0,1,1,1,3
518,0,2,0,1,1,2,3
519,0,2,0,1,1,3,3
520,0,2,0,1,2,0,5
521,0,2,0,1,2,1,3
522,0,2,0,1,2,2,3
523,0,2,0,1,2,3,3
524,0,2,0,1,3,0,5
525,0,2,0,1,3,1,3
526,0,2,0,1,3,2,3
527,0,2,0,1,3,3,3
528,0,2,0,2,0,0,2
529,0,2,0,2,0,1,4
530,0,2,0,2,0,2,4
531,0,2,0,2,0,3,4
532,0,2,0,2,1,0,5
533,0,2,0,2,1,1,3
534,0,2,0,2,1,2,3
535,0,2,0,2,1,3,3
536,0,2,0,2,2,0,5
537,0,2,0,2,2,1,3
538,0,2,0,2,2,2,3
539,0,2,0,2,2,3,3
540,0,2,0,2,3,0,5
541,0,2,0,2,3,1,3
542,0,2,0,2,3,2,3
543,0,2,0,2,3,3,3
544,0,2,0,3,0,0,2
545,0,2,0,3,0,1,4
546,0,2,0,3,0,2,4
547,0,2,0,3,0,3,4
548,0,2,0,3,1,0,5
549,0,2,0,3,1,1,3
550,0,2,0,3,1,2,3
551,0,2,0,3,1,3,3
552,0,2,0,3,2,0,5
553,0,2,0,3,2,1,3
554,0,2,0,3,2,2,3
555,0,2,0,3,2,3,3
556,0,2,0,3,3,0,5
557,0,2,0,3,3,1,3
558,0,2,0,3,3,2,3
559,0,2,0,3,3,3,3
560,0,2,1,0,0,0,2
561,0,2,1,0,0,1,2
562,0,2,1,0,0,2,2
563,0,2,1,0,0,3,2
564,0,2,1,0,1,0,5
565,0,2,1,0,1,1,5
566,0,2,1,0,1,2,5
567,0,2,1,0,1,3,5
568,0,2,1,0,2,0,5
569,0,2,1,0,2,1,5
570,0,2,1,0,2,2,5
571,0,2,1,0,2,3,5
572,0,2,1,0,3,0,5
573,0,2,1,0,3,1,5
574,0,2,1,0,3,2,5
575,0,2,1,0,3,3,5
576,0,2,1,1,0,0,2
577,0,2,1,1,0,1,4
578,0,2,1,1,0,2,4
579,0,2,1,1,0,3,4
580,0,2,1,1,1,0,5
581,0,2,1,1,1,1,3
582,0,2,1,1,1,2,3
583,0,2,1,1,1,3,3
584,0,2,1,1,2,0,5
585,0,2,1,1,2,1,3
586,0,2,1,1,2,2,3
587,0,2,1,1,2,3,3
588,0,2,1,1,3,0,5
589,0,2,1,1,3,1,3
590,0,2,1,1,3,2,3
591,0,2,1,1,3,3,3
592,0,2,1,2,0,0,2
593,0,2,1,2,0,1,4
594,0,2,1,2,0,2,4
595,0,2,1,2,0,3,4
596,0,2,1,2,1,0,5
597,0,2,1,2,1,1,3
598,0,2,1,2,1,2,3
599,0,2,1,2,1,3,3
600,0,2,1,2,2,0,5
601,0,2,1,2,2,1,3
602,0,2,1,2,2,2,3
603,0,2,1,2,2,3,3
604,0,2,1,2,3,0,5
605,0,2,1,2,3,1,3
606,0,2,1,2,3,2,3
607,0,2,1,2,3,3,3
608,0,2,1,3,0,0,2
609,0,2,1,3,0,1,4
610,0,2,1,3,0,2,4
611,0,2,1,3,0,3,4
612,0,2,1,3,1,0,5
613,0,2,1,3,1,1,3
614,0,2,1,3,1,2,3
615,0,2,1,3,1,3,3
616,0,2,1,3,2,0,5
617,0,2,1,3,2,1,3
618,0,2,1,3,2,2,3
619,0,2,1,3,2,3,3
620,0,2,1,3,3,0,5
621,0,2,1,3,3,1,3
622,0,2,1,3,3,2,3
623,0,2,1,3,3,3,3
624,0,2,2,0,0,0,2
625,0,2,2,0,0,1,2
626,0,2,2,0,0,2,2
627,0,2,2,0,0,3,2
628,0,2,2,0,1,0,5
629,0,2,2,0,1,1,5
630,0,2,2,0,1,2,5
631,0,2,2,0,1,3,5
632,0,2,2,0,2,0,5
633,0,2,2,0,2,1,5
634,0,2,2,0,2,2,5
635,0,2,2,0,2,3,5
636,0,2,2,0,3,0,5
637,0,2,2,0,3,1,5
638,0,2,2,0,3,2,5
639,0,2,2,0,3,3,5
640,0,2,2,1,0,0,2
641,0,2,2,1,0,1,4
642,0,2,2,1,0,2,4
643,0,2,2,1,0,3,4
644,0,2,2,1,1,0,5
645,0,2,2,1,1,1,3
646,0,2,2,1,1,2,3
647,0,2,2,1,1,3,3
648,0,2,2,1,2,0,5
649,0,2,2,1,2,1,3
650,0,2,2,1,2,2,3
651,0,2,2,1,2,3,3
652,0,2,2,1,3,0,5
653,0,2,2,1,3,1,3
654,0,2,2,1,3,2,3
655,0,2,2,1,3,3,3
656,0,2,2,2,0,0,2
657,0,2,2,2,0,1,4
658,0,2,2,2,0,2,4
659,0,2,2,2,0,3,4
660,0,2,2,2,1,0,5
661,0,2,2,2,1,1,3
662,0,2,2,2,1,2,3
663,0,2,2,2,1,3,3
664,0,2,2,2,2,0,5
665,0,2,2,2,2,1,3
666,0,2,2,2,2,2,3
667,0,2,2,2,2,3,3
668,0,2,2,2,3,0,5
669,0,2,2,2,3,1,3
670,0,2,2,2,3,2,3
671,0,2,2,2,3,3,3
672,0,2,2,3,0,0,2
673,0,2,2,3,0,1,4
674,0,2,2,3,0,2,4
675,0,2,2,3,0,3,4
676,0,2,2,3,1,0,5
677,0,2,2,3,1,1,3
678,0,2,2,3,1,2,3
679,0,2,2,3,1,3,3
680,0,2,2,3,2,0,5
681,0,2,2,3,2,1,3
682,0,2,2,3,2,2,3
683,0,2,2,3,2,3,3
684,0,2,2,3,3,0,5
685,0,2,2,3,3,1,3
686,0,2,2,3,3,2,3
687,0,2,2,3,3,3,3
688,0,2,3,0,0,0,2
689,0,2,3,0,0,1,2
690,0,2,3,0,0,2,2
691,0,2,3,0,0,3,2
692,0,2,3,0,1,0,5
693,0,2,3,0,1,1,5
694,0,2,3,0,1,2,5
695,0,2,3,0,1,3,5
696,0,2,3,0,2,0,5
697,0,2,3,0,2,1,5
698,0,2,3,0,2,2,5
699,0,2,3,0,2,3,5
700,0,2,3,0,3,0,5
701,0,2,3,0,3,1,5
702,0,2,3,0,3,2,5
703,0,2,3,0,3,3,5
704,0,2,3,1,0,0,2
705,0,2,3,1,0,1,4
706,0,2,3,1,0,2,4
707,0,2,3,1,0,3,4
708,0,2,3,1,1,0,5
709,0,2,3,1,1,1,3
710,0,2,3,1,1,2,3
711,0,2,3,1,1,3,3
712,0,2,3,1,2,0,5
713,0,2,3,1,2,1,3
714,0,2,3,1,2,2,3
715,0,2,3,1,2,3,3
716,0,2,3,1,3,0,5
717,0,2,3,1,3,1,3
718,0,2,3,1,3,2,3
719,0,2,3,1,3,3,3
720,0,2,3,2,0,0,2
721,0,2,3,2,0,1,4
722,0,2,3,2,0,2,4
723,0,2,3,2,0,3,4
724,0,2,3,2,1,0,5
725,0,2,3,2,1,1,3
726,0,2,3,2,1,2,3
727,0,2,3,2,1,3,3
728,0,2,3,2,2,0,5
729,0,2,3,2,2,1,3
730,0,2,3,2,2,2,3
731,0,2,3,2,2,3,3
732,0,2,3,2,3,0,5
733,0,2,3,2,3,1,3
734,0,2,3,2,3,2,3
735,0,2,3,2,3,3,3
736,0,2,3,3,0,0,2
737,0,2,3,3,0,1,4
738,0,2,3,3,0,2,4
739,0,2,3,3,0,3,4
740,0,2,3,3,1,0,5
741,0,2,3,3,1,1,3
742,0,2,3,3,1,2,3
743,0,2,3,3,1,3,3
744,0,2,3,3,2,0,5
745,0,2,3,3,2,1,3
746,0,2,3,3,2,2,3
747,0,2,3,3,2,3,3
748,0,2,3,3,3,0,5
749,0,2,3,3,3,1,3
750,0,2,3,3,3,2,3
751,0,2,3,3,3,3,3
752,0,3,0,0,0,0,2
753,0,3,0,0,0,1,2
754,0,3,0,0,0,2,2
755,0,3,0,0,0,3,2
756,0,3,0,0,1,0,5
757,0,3,0,0,1,1,5
758,0,3,0,0,1,2,5
759,0,3,0,0,1,3,5
760,0,3,0,0,2,0,5
761,0,3,0,0,2,1,5
762,0,3,0,0,2,2,5
763,0,3,0,0,2,3,5
764,0,3,0,0,3,0,5
765,0,3,0,0,3,1,5
766,0,3,0,0,3,2,5
767,0,3,0,0,3,3,5
768,0,3,0,1,0,0,2
769,0,3,0,1,0,1,4
770,0,3,0,1,0,2,4
771,0,3,0,1,0,3,4
772,0,3,0,1,1,0,5
773,0,3,0,1,1,1,3
774,0,3,0,1,1,2,3
775,0,3,0,1,1,3,3
776,0,3,0,1,2,0,5
777,0,3,0,1,2,1,3
778,0,3,0,1,2,2,3
779,0,3,0,1,2,3,3
780,0,3,0,1,3,0,5
781,0,3,0,1,3,1,3
782,0,3,0,1,3,2,3
783,0,3,0,1,3,3,3
784,0,3,0,2,0,0,2
785,0,3,0,2,0,1,4
786,0,3,0,2,0,2,4
787,0,3,0,2,0,3,4
788,0,3,0,2,1,0,5
789,0,3,0,2,1,1,3
790,0,3,0,2,1,2,3
791,0,3,0,2,1,3,3
792,0,3,0,2,2,0,5
793,0,3,0,2,2,1,3
794,0,3,0,2,2,2,3
795,0,3,0,2,2,3,3
796,0,3,0,2,3,0,5
797,0,3,0,2,3,1,3
798,0,3,0,2,3,2,3
799,0,3,0,2,3,3,3
800,0,3,0,3,0,0,2
801,0,3,0,3,0,1,4
802,0,3,0,3,0,2,4
803,0,3,0,3,0,3,4
804,0,3,0,3,1,0,5
805,0,3,0,3,1,1,3
806,0,3,0,3,1,2,3
807,0,3,0,3,1,3,3
808,0,3,0,3,2,0,5
809,0,3,0,3,2,1,3
810,0,3,0,3,2,2,3
811,0,3,0,3,2,3,3
812,0,3,0,3,3,0,5
813,0,3,0,3,3,1,3
814,0,3,0,3,3,2,3
815,0,3,0,3,3,3,3
816,0,3,1,0,0,0,2
817,0,3,1,0,0,1,2
818,0,3,1,0,0,2,2
819,0,3,1,0,0,3,2
820,0,3,1,0,1,0,5
821,0,3,1,0,1,1,5
822,0,3,1,0,1,2,5
823,0,3,1,0,1,3,5
824,0,3,1,0,2,0,5
825,0,3,1,0,2,1,5
826,0,3,1,0,2,2,5
827,0,3,1,0,2,3,5
828,0,3,1,0,3,0,5
829,0,3,1,0,3,1,5
830,0,3,1,0,3,2,5
831,0,3,1,0,3,3,5
832,0,3,1,1,0,0,2
833,0,3,1,1,0,1,4
834,0,3,1,1,0,2,4
835,0,3,1,1,0,3,4
836,0,3,1,1,1,0,5
837,0,3,1,1,1,1,3
838,0,3,1,1,1,2,3
839,0,3,1,1,1,3,3
840,0,3,1,1,2,0,5
841,0,3,1,1,2,1,3
842,0,3,1,1,2,2,3
843,0,3,1,1,2,3,3
844,0,3,1,1,3,0,5
845,0,3,1,1,3,1,3
846,0,3,1,1,3,2,3
847,0,3,1,1,3,3,3
848,0,3,1,2,0,0,2
849,0,3,1,2,0,1,4
850,0,3,1,2,0,2,4
851,0,3,1,2,0,3,4
852,0,3,1,2,1,0,5
853,0,3,1,2,1,1,3
854,0,3,1,2,1,2,3
855,0,3,1,2,1,3,3
856,0,3,1,2,2,0,5
857,0,3,1,2,2,1,3
858,0,3,1,2,2,2,3
859,0,3,1,2,2,3,3
860,0,3,1,2,3,0,5
861,0,3,1,2,3,1,3
862,0,3,1,2,3,2,3
863,0,3,1,2,3,3,3
864,0,3,1,3,0,0,2
865,0,3,1,3,0,1,4
866,0,3,1,3,0,2,4
867,0,3,1,3,0,3,4
868,0,3,1,3,1,0,5
869,0,3,1,3,1,1,3
870,0,3,1,3,1,2,3
871,0,3,1,3,1,3,3
872,0,3,1,3,2,0,5
873,0,3,1,3,2,1,3
874,0,3,1,3,2,2,3
875,0,3,1,3,2,3,3
876,0,3,1,3,3,0,5
877,0,3,1,3,3,1,3
878,0,3,1,3,3,2,3
879,0,3,1,3,3,3,3
880,0,3,2,0,0,0,2
881,0,3,2,0,0,1,2
882,0,3,2,0,0,2,2
883,0,3,2,0,0,3,2
884,0,3,2,0,1,0,5
885,0,3,2,0,1,1,5
886,0,3,2,0,1,2,5
887,0,3,2,0,1,3,5
888,0,3,2,0,2,0,5
889,0,3,2,0,2,1,5
890,0,3,2,0,2,2,5
891,0,3,2,0,2,3,5
892,0,3,2,0,3,0,5
893,0,3,2,0,3,1,5
894,0,3,2,0,3,2,5
895,0,3,2,0,3,3,5
896,0,3,2,1,0,0,2
897,0,3,2,1,0,1,4
898,0,3,2,1,0,2,4
899,0,3,2,1,0,3,4
900,0,3,2,1,1,0,5
901,0,3,2,1,1,1,3
902,0,3,2,1,1,2,3
903,0,3,2,1,1,3,3
904,0,3,2,1,2,0,5
905,0,3,2,1,2,1,3
906,0,3,2,1,2,2,3
907,0,3,2,1,2,3,3
908,0,3,2,1,3,0,5
909,0,3,2,1,3,1,3
910,0,3,2,1,3,2,3
911,0,3,2,1,3,3,3
912,0,3,2,2,0,0,2
913,0,3,2,2,0,1,4
914,0,3,2,2,0,2,4
915,0,3,2,2,0,3,4
916,0,3,2,2,1,0,5
917,0,3,2,2,1,1,3
918,0,3,2,2,1,2,3
919,0,3,2,2,1,3,3
920,0,3,2,2,2,0,5
921,0,3,2,2,2,1,3
922,0,3,2,2,2,2,3
923,0,3,2,2,2,3,3
924,0,3,2,2,3,0,5
925,0,3,2,2,3,1,3
926,0,3,2,2,3,2,3
927,0,3,2,2,3,3,3
928,0,3,2,3,0,0,2
929,0,3,2,3,0,1,4
930,0,3,2,3,0,2,4
931,0,3,2,3,0,3,4
932,0,3,2,3,1,0,5
933,0,3,2,3,1,1,3
934,0,3,2,3,1,2,3
935,0,3,2,3,1,3,3
936,0,3,2,3,2,0,5
937,0,3,2,3,2,1,3
938,0,3,2,3,2,2,3
939,0,3,2,3,2,3,3
940,0,3,2,3,3,0,5
941,0,3,2,3,3,1,3
942,0,3,2,3,3,2,3
943,0,3,2,3,3,3,3
944,0,3,3,0,0,0,2
945,0,3,3,0,0,1,2
946,0,3,3,0,0,2,2
947,0,3,3,0,0,3,2
948,0,3,3,0,1,0,5
949,0,3,3,0,1,1,5
950,0,3,3,0,1,2,5
951,0,3,3,0,1,3,5
952,0,3,3,0,2,0,5
953,0,3,3,0,2,1,5
954,0,3,3,0,2,2,5
955,0,3,3,0,2,3,5
956,0,3,3,0,3,0,5
957,0,3,3,0,3,1,5
958,0,3,3,0,3,2,5
959,0,3,3,0,3,3,5
960,0,3,3,1,0,0,2
961,0,3,3,1,0,1,4
962,0,3,3,1,0,2,4
963,0,3,3,1,0,3,4
964,0,3,3,1,1,0,5
965,0,3,3,1,1,1,3
966,0,3,3,1,1,2,3
967,0,3,3,1,1,3,3
968,0,3,3,1,2,0,5
969,0,3,3,1,2,1,3
970,0,3,3,1,2,2,3
971,0,3,3,1,2,3,3
972,0,3,3,1,3,0,5
973,0,3,3,1,3,1,3
974,0,3,3,1,3,2,3
975,0,3,3,1,3,3,3
976,0,3,3,2,0,0,2
977,0,3,3,2,0,1,4
978,0,3,3,2,0,2,4
979,0,3,3,2,0,3,4
980,0,3,3,2,1,0,5
981,0,3,3,2,1,1,3
982,0,3,3,2,1,2,3
983,0,3,3,2,1,3,3
984,0,3,3,2,2,0,5
985,0,3,3,2,2,1,3
986,0,3,3,2,2,2,3
987,0,3,3,2,2,3,3
988,0,3,3,2,3,0,5
989,0,3,3,2,3,1,3
990,0,3,3,2,3,2,3
991,0,3,3,2,3,3,3
992,0,3,3,3,0,0,2
993,0,3,3,3,0,1,4
994,0,3,3,3,0,2,4
995,0,3,3,3,0,3,4
996,0,3,3,3,1,0,5
997,0,3,3,3,1,1,3
998,0,3,3,3,1,2,3
999,0,3,3,3,1,3,3
1000,0,3,3,3,2,0,5
1001,0,3,3,3,2,1,3
1002,0,3,3,3,2,2,3
1003,0,3,3,3,2,3,3
1004,0,3,3,3,3,0,5
1005,0,3,3,3,3,1,3
1006,0,3,3,3,3,2,3
1007,0,3,3,3,3,3,3
1008,1,0,0,0,0,0,2
1009,1,0,0,0,0,1,1
1010,1,0,0,0,0,2,1
1011,1,0,0,0,0,3,1
1012,1,0,0,0,1,0,0
1013,1,0,0,0,1,1,1
1014,1,0,0,0,1,2,1
1015,1,0,0,0,1,3,1
1016,1,0,0,0,2,0,0
1017,1,0,0,0,2,1,1
1018,1,0,0,0,2,2,1
1019,1,0,0,0,2,3,1
1020,1,0,0,0,3,0,0
1021,1,0,0,0,3,1,1
1022,1,0,0,0,3,2,1
1023,1,0,0,0,3,3,1
1024,1,0,0,1,0,0,2
1025,1,0,0,1,0,1,1
1026,1,0,0,1,0,2,1
1027,1,0,0,1,0,3,1
1028,1,0,0,1,1,0,0
1029,1,0,0,1,1,1,1
1030,1,0,0,1,1,2,1
1031,1,0,0,1,1,3,1
1032,1,0,0,1,2,0,0
1033,1,0,0,1,2,1,1
1034,1,0,0,1,2,2,1
1035,1,0,0,1,2,3,1
1036,1,0,0,1,3,0,0
1037,1,0,0,1,3,1,1
1038,1,0,0,1,3,2,1
1039,1,0,0,1,3,3,1
1040,1,0,0,2,0,0,2
1041,1,0,0,2,0,1,4
1042,1,0,0,2,0,2,4
1043,1,0,0,2,0,3,4
1044,1,0,0,2,1,0,5
1045,1,0,0,2,1,1,3
1046,1,0,0,2,1,2,3
1047,1,0,0,2,1,3,3
1048,1,0,0,2,2,0,5
1049,1,0,0,2,2,1,3
1050,1,0,0,2,2,2,3
1051,1,0,0,2,2,3,3
1052,1,0,0,2,3,0,5
1053,1,0,0,2,3,1,3
1054,1,0,0,2,3,2,3
1055,1,0,0,2,3,3,3
1056,1,0,0,3,0,0,2
1057,1,0,0,3,0,1,4
1058,1,0,0,3,0,2,4
1059,1,0,0,3,0,3,4
1060,1,0,0,3,1,0,5
1061,1,0,0,3,1,1,3
1062,1,0,0,3,1,2,3
1063,1,0,0,3,1,3,3
1064,1,0,0,3,2,0,5
1065,1,0,0,3,2,1,3
1066,1,0,0,3,2,2,3
1067,1,0,0,3,2,3,3
1068,1,0,0,3,3,0,5
1069,1,0,0,3,3,1,3
1070,1,0,0,3,3,2,3
1071,1,0,0,3,3,3,3
1072,1,0,1,0,0,0,2
1073,1,0,1,0,0,1,4
1074,1,0,1,0,0,2,4
1075,1,0,1,0,0,3,4
1076,1,0,1,0,1,0,5
1077,1,0,1,0,1,1,3
1078,1,0,1,0,1,2,3
1079,1,0,1,0,1,3,3
1080,1,0,1,0,2,0,5
1081,1,0,1,0,2,1,3
1082,1,0,1,0,2,2,3
1083,1,0,1,0,2,3,3
1084,1,0,1,0,3,0,5
1085,1,0,1,0,3,1,3
1086,1,0,1,0,3,2,3
1087,1,0,1,0,3,3,3
1088,1,0,1,1,0,0,2
1089,1,0,1,1,0,1,4
1090,1,0,1,1,0,2,4
1091,1,0,1,1,0,3,4
1092,1,0,1,1,1,0,5
1093,1,0,1,1,1,1,3
1094,1,0,1,1,1,2,3
1095,1,0,1,1,1,3,3
1096,1,0,1,1,2,0,5
1097,1,0,1,1,2,1,3
1098,1,0,1,1,2,2,3
1099,1,0,1,1,2,3,3
1100,1,0,1,1,3,0,5
1101,1,0,1,1,3,1,3
1102,1,0,1,1,3,2,3
1103,1,0,1,1,3,3,3
1104,1,0,1,2,0,0,2
1105,1,0,1,2,0,1,4
1106,1,0,1,2,0,2,4
1107,1,0,1,2,0,3,4
1108,1,0,1,2,1,0,5
1109,1,0,1,2,1,1,3
1110,1,0,1,2,1,2,3
1111,1,0,1,2,1,3,3
1112,1,0,1,2,2,0,5
1113,1,0,1,2,2,1,3
1114,1,0,1,2,2,2,3
1115,1,0,1,2,2,3,3
1116,1,0,1,2,3,0,5
1117,1,0,1,2,3,1,3
1118,1,0,1,2,3,2,3
1119,1,0,1,2,3,3,3
1120,1,0,1,3,0,0,2
1121,1,0,1,3,0,1,4
1122,1,0,1,3,0,2,4
1123,1,0,1,3,0,3,4
1124,1,0,1,3,1,0,5
1125,1,0,1,3,1,1,3
1126,1,0,1,3,1,2,3
1127,1,0,1,3,1,3,3
1128,1,0,1,3,2,0,5
1129,1,0,1,3,2,1,3
1130,1,0,1,3,2,2,3
1131,1,0,1,3,2,3,3
1132,1,0,1,3,3,0,5
1133,1,0,1,3,3,1,3
1134,1,0,1,3,3,2,3
1135,1,0,1,3,3,3,3
1136,1,0,2,0,0,0,2
1137,1,0,2,0,0,1,4
1138,1,0,2,0,0,2,4
1139,1,0,2,0,0,3,4
1140,1,0,2,0,1,0,5
1141,1,0,2,0,1,1,3
1142,1,0,2,0,1,2,3
1143,1,0,2,0,1,3,3
1144,1,0,2,0,2,0,5
1145,1,0,2,0,2,1,3
1146,1,0,2,0,2,2,3
1147,1,0,2,0,2,3,3
1148,1,0,2,0,3,0,5
1149,1,0,2,0,3,1,3
1150,1,0,2,0,3,2,3
1151,1,0,2,0,3,3,3
1152,1,0,2,1,0,0,2
1153,1,0,2,1,0,1,4
1154,1,0,2,1,0,2,4
1155,1,0,2,1,0,3,4
1156,1,0,2,1,1,0,5
1157,1,0,2,1,1,1,3
1158,1,0,2,1,1,2,3
1159,1,0,2,1,1,3,3
1160,1,0,2,1,2,0,5
1161,1,0,2,1,2,1,3
1162,1,0,2,1,2,2,3
1163,1,0,2,1,2,3,3
1164,1,0,2,1,3,0,5
1165,1,0,2,1,3,1,3
1166,1,0,2,1,3,2,3
1167,1,0,2,1,3,3,3
1168,1,0,2,2,0,0,2
1169,1,0,2,2,0,1,4
1170,1,0,2,2,0,2,4
1171,1,0,2,2,0,3,4
1172,1,0,2,2,1,0,5
1173,1,0,2,2,1,1,3
1174,1,0,2,2,1,2,3
1175,1,0,2,2,1,3,3
1176,1,0,2,2,2,0,5
1177,1,0,2,2,2,1,3
1178,1,0,2,2,2,2,3
1179,1,0,2,2,2,3,3
1180,1,0,2,2,3,0,5
1181,1,0,2,2,3,1,3
1182,1,0,2,2,3,2,3
1183,1,0,2,2,3,3,3
1184,1,0,2,3,0,0,2
1185,1,0,2,3,0,1,4
1186,1,0,2,3,0,2,4
1187,1,0,2,3,0,3,4
1188,1,0,2,3,1,0,5
1189,1,0,2,3,1,1,3
1190,1,0,2,3,1,2,3
1191,1,0,2,3,1,3,3
1192,1,0,2,3,2,0,5
1193,1,0,2,3,2,1,3
1194,1,0,2,3,2,2,3
1195,1,0,2,3,2,3,3
1196,1,0,2,3,3,0,5
1197,1,0,2,3,3,1,3
1198,1,0,2,3,3,2,3
1199,1,0,2,3,3,3,3
1200,1,0,3,0,0,0,2
1201,1,0,3,0,0,1,4
1202,1,0,3,0,0,2,4
1203,1,0,3,0,0,3,4
1204,1,0,3,0,1,0,5
1205,1,0,3,0,1,1,3
1206,1,0,3,0,1,2,3
1207,1,0,3,0,1,3,3
1208,1,0,3,0,2,0,5
1209,1,0,3,0,2,1,3
1210,1,0,3,0,2,2,3
1211,1,0,3,0,2,3,3
1212,1,0,3,0,3,0,5
1213,1,0,3,0,3,1,3
1214,1,0,3,0,3,2,3
1215,1,0,3,0,3,3,3
1216,1,0,3,1,0,0,2
1217,1,0,3,1,0,1,4
1218,1,0,3,1,0,2,4
1219,1,0,3,1,0,3,4
1220,1,0,3,1,1,0,5
1221,1,0,3,1,1,1,3
1222,1,0,3,1,1,2,3
1223,1,0,3,1,1,3,3
1224,1,0,3,1,2,0,5
1225,1,0,3,1,2,1,3
1226,1,0,3,1,2,2,3
1227,1,0,3,1,2,3,3
1228,1,0,3,1,3,0,5
1229,1,0,3,1,3,1,3
1230,1,0,3,1,3,2,3
1231,1,0,3,1,3,3,3
1232,1,0,3,2,0,0,2
1233,1,0,3,2,0,1,4
1234,1,0,3,2,0,2,4
1235,1,0,3,2,0,3,4
1236,1,0,3,2,1,0,5
1237,1,0,3,2,1,1,3
1238,1,0,3,2,1,2,3
1239,1,0,3,2,1,3,3
1240,1,0,3,2,2,0,5
1241,1,0,3,2,2,1,3
1242,1,0,3,2,2,2,3
1243,1,0,3,2,2,3,3
1244,1,0,3,2,3,0,5
1245,1,0,3,2,3,1,3
1246,1,0,3,2,3,2,3
1247,1,0,3,2,3,3,3
1248,1,0,3,3,0,0,2
1249,1,0,3,3,0,1,4
1250,1,0,3,3,0,2,4
1251,1,0,3,3,0,3,4
1252,1,0,3,3,1,0,5
1253,1,0,3,3,1,1,3
1254,1,0,3,3,1,2,3
1255,1,0,3,3,1,3,3
1256,1,0,3,3,2,0,5
1257,1,0,3,3,2,1,3
1258,1,0,3,3,2,2,3
1259,1,0,3,3,2,3,3
1260,1,0,3,3,3,0,5
1261,1,0,3,3,3,1,3
1262,1,0,3,3,3,2,3
1263,1,0,3,3,3,3,3
1264,1,1,0,0,0,0,2
1265,1,1,0,0,0,1,4
1266,1,1,0,0,0,2,4
1267,1,1,0,0,0,3,4
1268,1,1,0,0,1,0,5
1269,1,1,0,0,1,1,3
1270,1,1,0,0,1,2,3
1271,1,1,0,0,1,3,3
1272,1,1,0,0,2,0,5
1273,1,1,0,0,2,1,3
1274,1,1,0,0,2,2,3
1275,1,1,0,0,2,3,3
1276,1,1,0,0,3,0,5
1277,1,1,0,0,3,1,3
1278,1,1,0,0,3,2,3
1279,1,1,0,0,3,3,3
1280,1,1,0,1,0,0,2
1281,1,1,0,1,0,1,4
1282,1,1,0,1,0,2,4
1283,1,1,0,1,0,3,4
1284,1,1,0,1,1,0,5
1285,1,1,0,1,1,1,3
1286,1,1,0,1,1,2,3
1287,1,1,0,1,1,3,3
1288,1,1,0,1,2,0,5
1289,1,1,0,1,2,1,3
1290,1,1,0,1,2,2,3
1291,1,1,0,1,2,3,3
1292,1,1,0,1,3,0,5
1293,1,1,0,1,3,1,3
1294,1,1,0,1,3,2,3
1295,1,1,0,1,3,3,3
1296,1,1,0,2,0,0,2
1297,1,1,0,2,0,1,4
1298,1,1,0,2,0,2,4
1299,1,1,0,2,0,3,4
1300,1,1,0,2,1,0,5
1301,1,1,0,2,1,1,3
1302,1,1,0,2,1,2,3
1303,1,1,0,2,1,3,3
1304,1,1,0,2,2,0,5
1305,1,1,0,2,2,1,3
1306,1,1,0,2,2,2,3
1307,1,1,0,2,2,3,3
1308,1,1,0,2,3,0,5
1309,1,1,0,2,3,1,3
1310,1,1,0,2,3,2,3
1311,1,1,0,2,3,3,3
1312,1,1,0,3,0,0,2
1313,1,1,0,3,0,1,4
1314,1,1,0,3,0,2,4
1315,1,1,0,3,0,3,4
1316,1,1,0,3,1,0,5
1317,1,1,0,3,1,1,3
1318,1,1,0,3,1,2,3
1319,1,1,0,3,1,3,3
1320,1,1,0,3,2,0,5
1321,1,1,0,3,2,1,3
1322,1,1,0,3,2,2,3
1323,1,1,0,3,2,3,3
1324,1,1,0,3,3,0,5
1325,1,1,0,3,3,1,3
1326,1,1,0,3,3,2,3
1327,1,1,0,3,3,3,3
1328,1,1,1,0,0,0,2
1329,1,1,1,0,0,1,4
1330,1,1,1,0,0,2,4
1331,1,1,1,0,0,3,4
1332,1,1,1,0,1,0,5
1333,1,1,1,0,1,1,3
1334,1,1,1,0,1,2,3
1335,1,1,1,0,1,3,3
1336,1,1,1,0,2,0,5
1337,1,1,1,0,2,1,3
1338,1,1,1,0,2,2,3
1339,1,1,1,0,2,3,3
1340,1,1,1,0,3,0,5
1341,1,1,1,0,3,1,3
1342,1,1,1,0,3,2,3
1343,1,1,1,0,3,3,3
1344,1,1,1,1,0,0,2
1345,1,1,1,1,0,1,4
1346,1,1,1,1,0,2,4
1347,1,1,1,1,0,3,4
1348,1,1,1,1,1,0,5
1349,1,1,1,1,1,1,3
1350,1,1,1,1,1,2,3
1351,1,1,1,1,1,3,3
1352,1,1,1,1,2,0,5
1353,1,1,1,1,2,1,3
1354,1,1,1,1,2,2,3
1355,1,1,1,1,2,3,3
1356,1,1,1,1,3,0,5
1357,1,1,1,1,3,1,3
1358,1,1,1,1,3,2,3
1359,1,1,1,1,3,3,3
1360,1,1,1,2,0,0,2
1361,1,1,1,2,0,1,4
1362,1,1,1,2,0,2,4
1363,1,1,1,2,0,3,4
1364,1,1,1,2,1,0,5
1365,1,1,1,2,1,1,3
1366,1,1,1,2,1,2,3
1367,1,1,1,2,1,3,3
1368,1,1,1,2,2,0,5
1369,1,1,1,2,2,1,3
1370,1,1,1,2,2,2,3
1371,1,1,1,2,2,3,3
1372,1,1,1,2,3,0,5
1373,1,1,1,2,3,1,3
1374,1,1,1,2,3,2,3
1375,1,1,1,2,3,3,3
1376,1,1,1,3,0,0,2
1377,1,1,1,3,0,1,4
1378,1,1,1,3,0,2,4
1379,1,1,1,3,0,3,4
1380,1,1,1,3,1,0,5
1381,1,1,1,3,1,1,3
1382,1,1,1,3,1,2,3
1383,1,1,1,3,1,3,3
1384,1,1,1,3,2,0,5
1385,1,1,1,3,2,1,3
1386,1,1,1,3,2,2,3
1387,1,1,1,3,2,3,3
1388,1,1,1,3,3,0,5
1389,1,1,1,3,3,1,3
1390,1,1,1,3,3,2,3
1391,1,1,1,3,3,3,3
1392,1,1,2,0,0,0,2
1393,1,1,2,0,0,1,4
1394,1,1,2,0,0,2,4
1395,1,1,2,0,0,3,4
1396,1,1,2,0,1,0,5
1397,1,1,2,0,1,1,3
1398,1,1,2,0,1,2,3
1399,1,1,2,0,1,3,3
1400,1,1,2,0,2,0,5
1401,1,1,2,0,2,1,3
1402,1,1,2,0,2,2,3
1403,1,1,2,0,2,3,3
1404,1,1,2,0,3,0,5
1405,1,1,2,0,3,1,3
1406,1,1,2,0,3,2,3
1407,1,1,2,0,3,3,3
1408,1,1,2,1,0,0,2
1409,1,1,2,1,0,1,4
1410,1,1,2,1,0,2,4
1411,1,1,2,1,0,3,4
1412,1,1,2,1,1,0,5
1413,1,1,2,1,1,1,3
1414,1,1,2,1,1,2,3
1415,1,1,2,1,1,3,3
1416,1,1,2,1,2,0,5
1417,1,1,2,1,2,1,3
1418,1,1,2,1,2,2,3
1419,1,1,2,1,2,3,3
1420,1,1,2,1,3,0,5
1421,1,1,2,1,3,1,3
1422,1,1,2,1,3,2,3
1423,1,1,2,1,3,3,3
1424,1,1,2,2,0,0,2
1425,1,1,2,2,0,1,4
1426,1,1,2,2,0,2,4
1427,1,1,2,2,0,3,4
1428,1,1,2,2,1,0,5
1429,1,1,2,2,1,1,3
1430,1,1,2,2,1,2,3
1431,1,1,2,2,1,3,3
1432,1,1,2,2,2,0,5
1433,1,1,2,2,2,1,3
1434,1,1,2,2,2,2,3
1435,1,1,2,2,2,3,3
1436,1,1,2,2,3,0,5
1437,1,1,2,2,3,1,3
1438,1,1,2,2,3,2,3
1439,1,1,2,2,3,3,3
1440,1,1,2,3,0,0,2
1441,1,1,2,3,0,1,4
1442,1,1,2,3,0,2,4
1443,1,1,2,3,0,3,4
1444,1,1,2,3,1,0,5
1445,1,1,2,3,1,1,3
1446,1,1,2,3,1,2,3
1447,1,1,2,3,1,3,3
1448,1,1,2,3,2,0,5
1449,1,1,2,3,2,1,3
1450,1,1,2,3,2,2,3
1451,1,1,2,3,2,3,3
1452,1,1,2,3,3,0,5
1453,1,1,2,3,3,1,3
1454,1,1,2,3,3,2,3
1455,1,1,2,3,3,3,3
1456,1,1,3,0,0,0,2
1457,1,1,3,0,0,1,4
1458,1,1,3,0,0,2,4
1459,1,1,3,0,0,3,4
1460,1,1,3,0,1,0,5
1461,1,1,3,0,1,1,3
1462,1,1,3,0,1,2,3
1463,1,1,3,0,1,3,3
1464,1,1,3,0,2,0,5
1465,1,1,3,0,2,1,3
1466,1,1,3,0,2,2,3
1467,1,1,3,0,2,3,3
1468,1,1,3,0,3,0,5
1469,1,1,3,0,3,1,3
1470,1,1,3,0,3,2,3
1471,1,1,3,0,3,3,3
1472,1,1,3,1,0,0,2
1473,1,1,3,1,0,1,4
1474,1,1,3,1,0,2,4
1475,1,1,3,1,0,3,4
1476,1,1,3,1,1,0,5
1477,1,1,3,1,1,1,3
1478,1,1,3,1,1,2,3
1479,1,1,3,1,1,3,3
1480,1,1,3,1,2,0,5
1481,1,1,3,1,2,1,3
1482,1,1,3,1,2,2,3
1483,1,1,3,1,2,3,3
1484,1,1,3,1,3,0,5
1485,1,1,3,1,3,1,3
1486,1,1,3,1,3,2,3
1487,1,1,3,1,3,3,3
1488,1,1,3,2,0,0,2
1489,1,1,3,2,0,1,4
1490,1,1,3,2,0,2,4
1491,1,1,3,2,0,3,4
1492,1,1,3,2,1,0,5
1493,1,1,3,2,1,1,3
1494,1,1,3,2,1,2,3
1495,1,1,3,2,1,3,3
1496,1,1,3,2,2,0,5
1497,1,1,3,2,2,1,3
1498,1,1,3,2,2,2,3
1499,1,1,3,2,2,3,3
1500,1,1,3,2,3,0,5
1501,1,1,3,2,3,1,3
1502,1,1,3,2,3,2,3
1503,1,1,3,2,3,3,3
1504,1,1,3,3,0,0,2
1505,1,1,3,3,0,1,4
1506,1,1,3,3,0,2,4
1507,1,1,3,3,0,3,4
1508,1,1,3,3,1,0,5
1509,1,1,3,3,1,1,3
1510,1,1,3,3,1,2,3
1511,1,1,3,3,1,3,3
1512,1,1,3,3,2,0,5
1513,1,1,3,3,2,1,3
1514,1,1,3,3,2,2,3
1515,1,1,3,3,2,3,3
1516,1,1,3,3,3,0,5
1517,1,1,3,3,3,1,3
1518,1,1,3,3,3,2,3
1519,1,1,3,3,3,3,3
1520,1,2,0,0,0,0,2
1521,1,2,0,0,0,1,4
1522,1,2,0,0,0,2,4
1523,1,2,0,0,0,3,4
1524,1,2,0,0,1,0,5
1525,1,2,0,0,1,1,3
1526,1,2,0,0,1,2,3
1527,1,2,0,0,1,3,3
1528,1,2,0,0,2,0,5
1529,1,2,0,0,2,1,3
1530,1,2,0,0,2,2,3
1531,1,2,0,0,2,3,3
1532,1,2,0,0,3,0,5
1533,1,2,0,0,3,1,3
1534,1,2,0,0,3,2,3
1535,1,2,0,0,3,3,3
1536,1,2,0,1,0,0,2
1537,1,2,0,1,0,1,4
1538,1,2,0,1,0,2,4
1539,1,2,0,1,0,3,4
1540,1,2,0,1,1,0,5
1541,1,2,0,1,1,1,3
1542,1,2,0,1,1,2,3
1543,1,2,0,1,1,3,3
1544,1,2,0,1,2,0,5
1545,1,2,0,1,2,1,3
1546,1,2,0,1,2,2,3
1547,1,2,0,1,2,3,3
1548,1,2,0,1,3,0,5
1549,1,2,0,1,3,1,3
1550,1,2,0,1,3,2,3
1551,1,2,0,1,3,3,3
1552,1,2,0,2,0,0,2
1553,1,2,0,2,0,1,4
1554,1,2,0,2,0,2,4
1555,1,2,0,2,0,3,4
1556,1,2,0,2,1,0,5
1557,1,2,0,2,1,1,3
1558,1,2,0,2,1,2,3
1559,1,2,0,2,1,3,3
1560,1,2,0,2,2,0,5
1561,1,2,0,2,2,1,3
1562,1,2,0,2,2,2,3
1563,1,2,0,2,2,3,3
1564,1,2,0,2,3,0,5
1565,1,2,0,2,3,1,3
1566,1,2,0,2,3,2,3
1567,1,2,0,2,3,3,3
1568,1,2,0,3,0,0,2
1569,1,2,0,3,0,1,4
1570,1,2,0,3,0,2,4
1571,1,2,0,3,0,3,4
1572,1,2,0,3,1,0,5
1573,1,2,0,3,1,1,3
1574,1,2,0,3,1,2,3
1575,1,2,0,3,1,3,3
1576,1,2,0,3,2,0,5
1577,1,2,0,3,2,1,3
1578,1,2,0,3,2,2,3
1579,1,2,0,3,2,3,3
1580,1,2,0,3,3,0,5
1581,1,2,0,3,3,1,3
1582,1,2,0,3,3,2,3
1583,1,2,0,3,3,3,3
1584,1,2,1,0,0,0,2
1585,1,2,1,0,0,1,4
1586,1,2,1,0,0,2,4
1587,1,2,1,0,0,3,4
1588,1,2,1,0,1,0,5
1589,1,2,1,0,1,1,3
1590,1,2,1,0,1,2,3
1591,1,2,1,0,1,3,3
1592,1,2,1,0,2,0,5
1593,1,2,1,0,2,1,3
1594,1,2,1,0,2,2,3
1595,1,2,1,0,2,3,3
1596,1,2,1,0,3,0,5
1597,1,2,1,0,3,1,3
1598,1,2,1,0,3,2,3
1599,1,2,1,0,3,3,3
1600,1,2,1,1,0,0,2
1601,1,2,1,1,0,1,4
1602,1,2,1,1,0,2,4
1603,1,2,1,1,0,3,4
1604,1,2,1,1,1,0,5
1605,1,2,1,1,1,1,3
1606,1,2,1,1,1,2,3
1607,1,2,1,1,1,3,3
1608,1,2,1,1,2,0,5
1609,1,2,1,1,2,1,3
1610,1,2,1,1,2,2,3
1611,1,2,1,1,2,3,3
1612,1,2,1,1,3,0,5
1613,1,2,1,1,3,1,3
1614,1,2,1,1,3,2,3
1615,1,2,1,1,3,3,3
1616,1,2,1,2,0,0,2
1617,1,2,1,2,0,1,4
1618,1,2,1,2,0,2,4
1619,1,2,1,2,0,3,4
1620,1,2,1,2,1,0,5
1621,1,2,1,2,1,1,3
1622,1,2,1,2,1,2,3
1623,1,2,1,2,1,3,3
1624,1,2,1,2,2,0,5
1625,1,2,1,2,2,1,3
1626,1,2,1,2,2,2,3
1627,1,2,1,2,2,3,3
1628,1,2,1,2,3,0,5
1629,1,2,1,2,3,1,3
1630,1,2,1,2,3,2,3
1631,1,2,1,2,3,3,3
1632,1,2,1,3,0,0,2
1633,1,2,1,3,0,1,4
1634,1,2,1,3,0,2,4
1635,1,2,1,3,0,3,4
1636,1,2,1,3,1,0,5
1637,1,2,1,3,1,1,3
1638,1,2,1,3,1,2,3
1639,1,2,1,3,1,3,3
1640,1,2,1,3,2,0,5
1641,1,2,1,3,2,1,3
1642,1,2,1,3,2,2,3
1643,1,2,1,3,2,3,3
1644,1,2,1,3,3,0,5
1645,1,2,1,3,3,1,3
1646,1,2,1,3,3,2,3
1647,1,2,1,3,3,3,3
1648,1,2,2,0,0,0,2
1649,1,2,2,0,0,1,4
1650,1,2,2,0,0,2,4
1651,1,2,2,0,0,3,4
1652,1,2,2,0,1,0,5
1653,1,2,2,0,1,1,3
1654,1,2,2,0,1,2,3
1655,1,2,2,0,1,3,3
1656,1,2,2,0,2,0,5
1657,1,2,2,0,2,1,3
1658,1,2,2,0,2,2,3
1659,1,2,2,0,2,3,3
1660,1,2,2,0,3,0,5
1661,1,2,2,0,3,1,3
1662,1,2,2,0,3,2,3
1663,1,2,2,0,3,3,3
1664,1,2,2,1,0,0,2
1665,1,2,2,1,0,1,4
1666,1,2,2,1,0,2,4
1667,1,2,2,1,0,3,4
1668,1,2,2,1,1,0,5
1669,1,2,2,1,1,1,3
1670,1,2,2,1,1,2,3
1671,1,2,2,1,1,3,3
1672,1,2,2,1,2,0,5
1673,1,2,2,1,2,1,3
1674,1,2,2,1,2,2,3
1675,1,2,2,1,2,3,3
1676,1,2,2,1,3,0,5
1677,1,2,2,1,3,1,3
1678,1,2,2,1,3,2,3
1679,1,2,2,1,3,3,3
1680,1,2,2,2,0,0,2
1681,1,2,2,2,0,1,4
1682,1,2,2,2,0,2,4
1683,1,2,2,2,0,3,4
1684,1,2,2,2,1,0,5
1685,1,2,2,2,1,1,3
1686,1,2,2,2,1,2,3
1687,1,2,2,2,1,3,3
1688,1,2,2,2,2,0,5
1689,1,2,2,2,2,1,3
1690,1,2,2,2,2,2,3
1691,1,2,2,2,2,3,3
1692,1,2,2,2,3,0,5
1693,1,2,2,2,3,1,3
1694,1,2,2,2,3,2,3
1695,1,2,2,2,3,3,3
1696,1,2,2,3,0,0,2
1697,1,2,2,3,0,1,4
1698,1,2,2,3,0,2,4
1699,1,2,2,3,0,3,4
1700,1,2,2,3,1,0,5
1701,1,2,2,3,1,1,3
1702,1,2,2,3,1,2,3
1703,1,2,2,3,1,3,3
1704,1,2,2,3,2,0,5
1705,1,2,2,3,2,1,3
1706,1,2,2,3,2,2,3
1707,1,2,2,3,2,3,3
1708,1,2,2,3,3,0,5
1709,1,2,2,3,3,1,3
1710,1,2,2,3,3,2,3
1711,1,2,2,3,3,3,3
1712,1,2,3,0,0,0,2
1713,1,2,3,0,0,1,4
1714,1,2,3,0,0,2,4
1715,1,2,3,0,0,3,4
1716,1,2,3,0,1,0,5
1717,1,2,3,0,1,1,3
1718,1,2,3,0,1,2,3
1719,1,2,3,0,1,3,3
1720,1,2,3,0,2,0,5
1721,1,2,3,0,2,1,3
1722,1,2,3,0,2,2,3
1723,1,2,3,0,2,3,3
1724,1,2,3,0,3,0,5
1725,1,2,3,0,3,1,3
1726,1,2,3,0,3,2,3
1727,1,2,3,0,3,3,3
1728,1,2,3,1,0,0,2
1729,1,2,3,1,0,1,4
1730,1,2,3,1,0,2,4
1731,1,2,3,1,0,3,4
1732,1,2,3,1,1,0,5
1733,1,2,3,1,1,1,3
1734,1,2,3,1,1,2,3
1735,1,2,3,1,1,3,3
1736,1,2,3,1,2,0,5
1737,1,2,3,1,2,1,3
1738,1,2,3,1,2,2,3
1739,1,2,3,1,2,3,3
1740,1,2,3,1,3,0,5
1741,1,2,3,1,3,1,3
1742,1,2,3,1,3,2,3
1743,1,2,3,1,3,3,3
1744,1,2,3,2,0,0,2
1745,1,2,3,2,0,1,4
1746,1,2,3,2,0,2,4
1747,1,2,3,2,0,3,4
1748,1,2,3,2,1,0,5
1749,1,2,3,2,1,1,3
1750,1,2,3,2,1,2,3
1751,1,2,3,2,1,3,3
1752,1,2,3,2,2,0,5
1753,1,2,3,2,2,1,3
1754,1,2,3,2,2,2,3
1755,1,2,3,2,2,3,3
1756,1,2,3,2,3,0,5
1757,1,2,3,2,3,1,3
1758,1,2,3,2,3,2,3
1759,1,2,3,2,3,3,3
1760,1,2,3,3,0,0,2
1761,1,2,3,3,0,1,4
1762,1,2,3,3,0,2,4
1763,1,2,3,3,0,3,4
1764,1,2,3,3,1,0,5
1765,1,2,3,3,1,1,3
1766,1,2,3,3,1,2,3
1767,1,2,3,3,1,3,3
1768,1,2,3,3,2,0,5
1769,1,2,3,3,2,1,3
1770,1,2,3,3,2,2,3
1771,1,2,3,3,2,3,3
1772,1,2,3,3,3,0,5
1773,1,2,3,3,3,1,3
1774,1,2,3,3,3,2,3
1775,1,2,3,3,3,3,3
1776,1,3,0,0,0,0,2
1777,1,3,0,0,0,1,4
1778,1,3,0,0,0,2,4
1779,1,3,0,0,0,3,4
1780,1,3,0,0,1,0,5
1781,1,3,0,0,1,1,3
1782,1,3,0,0,1,2,3
1783,1,3,0,0,1,3,3
1784,1,3,0,0,2,0,5
1785,1,3,0,0,2,1,3
1786,1,3,0,0,2,2,3
1787,1,3,0,0,2,3,3
1788,1,3,0,0,3,0,5
1789,1,3,0,0,3,1,3
1790,1,3,0,0,3,2,3
1791,1,3,0,0,3,3,3
1792,1,3,0,1,0,0,2
1793,1,3,0,1,0,1,4
1794,1,3,0,1,0,2,4
1795,1,3,0,1,0,3,4
1796,1,3,0,1,1,0,5
1797,1,3,0,1,1,1,3
1798,1,3,0,1,1,2,3
1799,1,3,0,1,1,3,3
1800,1,3,0,1,2,0,5
1801,1,3,0,1,2,1,3
1802,1,3,0,1,2,2,3
1803,1,3,0,1,2,3,3
1804,1,3,0,1,3,0,5
1805,1,3,0,1,3,1,3
1806,1,3,0,1,3,2,3
1807,1,3,0,1,3,3,3
1808,1,3,0,2,0,0,2
1809,1,3,0,2,0,1,4
1810,1,3,0,2,0,2,4
1811,1,3,0,2,0,3,4
1812,1,3,0,2,1,0,5
1813,1,3,0,2,1,1,3
1814,1,3,0,2,1,2,3
1815,1,3,0,2,1,3,3
1816,1,3,0,2,2,0,5
1817,1,3,0,2,2,1,3
1818,1,3,0,2,2,2,3
1819,1,3,0,2,2,3,3
1820,1,3,0,2,3,0,5
1821,1,3,0,2,3,1,3
1822,1,3,0,2,3,2,3
1823,1,3,0,2,3,3,3
1824,1,3,0,3,0,0,2
1825,1,3,0,3,0,1,4
1826,1,3,0,3,0,2,4
1827,1,3,0,3,0,3,4
1828,1,3,0,3,1,0,5
1829,1,3,0,3,1,1,3
1830,1,3,0,3,1,2,3
1831,1,3,0,3,1,3,3
1832,1,3,0,3,2,0,5
1833,1,3,0,3,2,1,3
1834,1,3,0,3,2,2,3
1835,1,3,0,3,2,3,3
1836,1,3,0,3,3,0,5
1837,1,3,0,3,3,1,3
1838,1,3,0,3,3,2,3
1839,1,3,0,3,3,3,3
1840,1,3,1,0,0,0,2
1841,1,3,1,0,0,1,4
1842,1,3,1,0,0,2,4
1843,1,3,1,0,0,3,4
1844,1,3,1,0,1,0,5
1845,1,3,1,0,1,1,3
1846,1,3,1,0,1,2,3
1847,1,3,1,0,1,3,3
1848,1,3,1,0,2,0,5
1849,1,3,1,0,2,1,3
1850,1,3,1,0,2,2,3
1851,1,3,1,0,2,3,3
1852,1,3,1,0,3,0,5
1853,1,3,1,0,3,1,3
1854,1,3,1,0,3,2,3
1855,1,3,1,0,3,3,3
1856,1,3,1,1,0,0,2
1857,1,3,1,1,0,1,4
1858,1,3,1,1,0,2,4
1859,1,3,1,1,0,3,4
1860,1,3,1,1,1,0,5
1861,1,3,1,1,1,1,3
1862,1,3,1,1,1,2,3
1863,1,3,1,1,1,3,3
1864,1,3,1,1,2,0,5
1865,1,3,1,1,2,1,3
1866,1,3,1,1,2,2,3
1867,1,3,1,1,2,3,3
1868,1,3,1,1,3,0,5
1869,1,3,1,1,3,1,3
1870,1,3,1,1,3,2,3
1871,1,3,1,1,3,3,3
1872,1,3,1,2,0,0,2
1873,1,3,1,2,0,1,4
1874,1,3,1,2,0,2,4
1875,1,3,1,2,0,3,4
1876,1,3,1,2,1,0,5
1877,1,3,1,2,1,1,3
1878,1,3,1,2,1,2,3
1879,1,3,1,2,1,3,3
1880,1,3,1,2,2,0,5
1881,1,3,1,2,2,1,3
1882,1,3,1,2,2,2,3
1883,1,3,1,2,2,3,3
1884,1,3,1,2,3,0,5
1885,1,3,1,2,3,1,3
1886,1,3,1,2,3,2,3
1887,1,3,1,2,3,3,3
1888,1,3,1,3,0,0,2
1889,1,3,1,3,0,1,4
1890,1,3,1,3,0,2,4
1891,1,3,1,3,0,3,4
1892,1,3,1,3,1,0,5
1893,1,3,1,3,1,1,3
1894,1,3,1,3,1,2,3
1895,1,3,1,3,1,3,3
1896,1,3,1,3,2,0,5
1897,1,3,1,3,2,1,3
1898,1,3,1,3,2,2,3
1899,1,3,1,3,2,3,3
1900,1,3,1,3,3,0,5
1901,1,3,1,3,3,1,3
1902,1,3,1,3,3,2,3
1903,1,3,1,3,3,3,3
1904,1,3,2,0,0,0,2
1905,1,3,2,0,0,1,4
1906,1,3,2,0,0,2,4
1907,1,3,2,0,0,3,4
1908,1,3,2,0,1,0,5
1909,1,3,2,0,1,1,3
1910,1,3,2,0,1,2,3
1911,1,3,2,0,1,3,3
1912,1,3,2,0,2,0,5
1913,1,3,2,0,2,1,3
1914,1,3,2,0,2,2,3
1915,1,3,2,0,2,3,3
1916,1,3,2,0,3,0,5
1917,1,3,2,0,3,1,3
1918,1,3,2,0,3,2,3
1919,1,3,2,0,3,3,3
1920,1,3,2,1,0,0,2
1921,1,3,2,1,0,1,4
1922,1,3,2,1,0,2,4
1923,1,3,2,1,0,3,4
1924,1,3,2,1,1,0,5
1925,1,3,2,1,1,1,3
1926,1,3,2,1,1,2,3
1927,1,3,2,1,1,3,3
1928,1,3,2,1,2,0,5
1929,1,3,2,1,2,1,3
1930,1,3,2,1,2,2,3
1931,1,3,2,1,2,3,3
1932,1,3,2,1,3,0,5
1933,1,3,2,1,3,1,3
1934,1,3,2,1,3,2,3
1935,1,3,2,1,3,3,3
1936,1,3,2,2,0,0,2
1937,1,3,2,2,0,1,4
1938,1,3,2,2,0,2,4
1939,1,3,2,2,0,3,4
1940,1,3,2,2,1,0,5
1941,1,3,2,2,1,1,3
1942,1,3,2,2,1,2,3
1943,1,3,2,2,1,3,3
1944,1,3,2,2,2,0,5
1945,1,3,2,2,2,1,3
1946,1,3,2,2,2,2,3
1947,1,3,2,2,2,3,3
1948,1,3,2,2,3,0,5
1949,1,3,2,2,3,1,3
1950,1,3,2,2,3,2,3
1951,1,3,2,2,3,3,3
1952,1,3,2,3,0,0,2
1953,1,3,2,3,0,1,4
1954,1,3,2,3,0,2,4
1955,1,3,2,3,0,3,4
1956,1,3,2,3,1,0,5
1957,1,3,2,3,1,1,3
1958,1,3,2,3,1,2,3
1959,1,3,2,3,1,3,3
1960,1,3,2,3,2,0,5
1961,1,3,2,3,2,1,3
1962,1,3,2,3,2,2,3
1963,1,3,2,3,2,3,3
1964,1,3,2,3,3,0,5
1965,1,3,2,3,3,1,3
1966,1,3,2,3,3,2,3
1967,1,3,2,3,3,3,3
1968,1,3,3,0,0,0,2
1969,1,3,3,0,0,1,4
1970,1,3,3,0,0,2,4
1971,1,3,3,0,0,3,4
1972,1,3,3,0,1,0,5
1973,1,3,3,0,1,1,3
1974,1,3,3,0,1,2,3
1975,1,3,3,0,1,3,3
1976,1,3,3,0,2,0,5
1977,1,3,3,0,2,1,3
1978,1,3,3,0,2,2,3
1979,1,3,3,0,2,3,3
1980,1,3,3,0,3,0,5
1981,1,3,3,0,3,1,3
1982,1,3,3,0,3,2,3
1983,1,3,3,0,3,3,3
1984,1,3,3,1,0,0,2
1985,1,3,3,1,0,1,4
1986,1,3,3,1,0,2,4
1987,1,3,3,1,0,3,4
1988,1,3,3,1,1,0,5
1989,1,3,3,1,1,1,3
1990,1,3,3,1,1,2,3
1991,1,3,3,1,1,3,3
1992,1,3,3,1,2,0,5
1993,1,3,3,1,2,1,3
1994,1,3,3,1,2,2,3
1995,1,3,3,1,2,3,3
1996,1,3,3,1,3,0,5
1997,1,3,3,1,3,1,3
1998,1,3,3,1,3,2,3
1999,1,3,3,1,3,3,3
2000,1,3,3,2,0,0,2
2001,1,3,3,2,0,1,4
2002,1,3,3,2,0,2,4
2003,1,3,3,2,0,3,4
2004,1,3,3,2,1,0,5
2005,1,3,3,2,1,1,3
2006,1,3,3,2,1,2,3
2007,1,3,3,2,1,3,3
2008,1,3,3,2,2,0,5
2009,1,3,3,2,2,1,3
2010,1,3,3,2,2,2,3
2011,1,3,3,2,2,3,3
2012,1,3,3,2,3,0,5
2013,1,3,3,2,3,1,3
2014,1,3,3,2,3,2,3
2015,1,3,3,2,3,3,3
2016,1,3,3,3,0,0,2
2017,1,3,3,3,0,1,4
2018,1,3,3,3,0,2,4
2019,1,3,3,3,0,3,4
2020,1,3,3,3,1,0,5
2021,1,3,3,3,1,1,3
2022,1,3,3,3,1,2,3
2023,1,3,3,3,1,3,3
2024,1,3,3,3,2,0,5
2025,1,3,3,3,2,1,3
2026,1,3,3,3,2,2,3
2027,1,3,3,3,2,3,3
2028,1,3,3,3,3,0,5
2029,1,3,3,3,3,1,3
2030,1,3,3,3,3,2,3
2031,1,3,3,3,3,3,3
2032,2,0,0,0,0,0,2
2033,2,0,0,0,0,1,1
2034,2,0,0,0,0,2,1
2035,2,0,0,0,0,3,1
2036,2,0,0,0,1,0,0
2037,2,0,0,0,1,1,1
2038,2,0,0,0,1,2,1
2039,2,0,0,0,1,3,1
2040,2,0,0,0,2,0,0
2041,2,0,0,0,2,1,1
2042,2,0,0,0,2,2,1
2043,2,0,0,0,2,3,1
2044,2,0,0,0,3,0,0
2045,2,0,0,0,3,1,1
2046,2,0,0,0,3,2,1
2047,2,0,0,0,3,3,1
2048,2,0,0,1,0,0,2
2049,2,0,0,1,0,1,1
2050,2,0,0,1,0,2,1
2051,2,0,0,1,0,3,1
2052,2,0,0,1,1,0,0
2053,2,0,0,1,1,1,1
2054,2,0,0,1,1,2,1
2055,2,0,0,1,1,3,1
2056,2,0,0,1,2,0,0
2057,2,0,0,1,2,1,1
2058,2,0,0,1,2,2,1
2059,2,0,0,1,2,3,1
2060,2,0,0,1,3,0,0
2061,2,0,0,1,3,1,1
2062,2,0,0,1,3,2,1
2063,2,0,0,1,3,3,1
2064,2,0,0,2,0,0,2
2065,2,0,0,2,0,1,1
2066,2,0,0,2,0,2,1
2067,2,0,0,2,0,3,1
2068,2,0,0,2,1,0,0
2069,2,0,0,2,1,1,1
2070,2,0,0,2,1,2,1
2071,2,0,0,2,1,3,1
2072,2,0,0,2,2,0,0
2073,2,0,0,2,2,1,1
2074,2,0,0,2,2,2,1
2075,2,0,0,2,2,3,1
2076,2,0,0,2,3,0,0
2077,2,0,0,2,3,1,1
2078,2,0,0,2,3,2,1
2079,2,0,0,2,3,3,1
2080,2,0,0,3,0,0,2
2081,2,0,0,3,0,1,1
2082,2,0,0,3,0,2,1
2083,2,0,0,3,0,3,1
2084,2,0,0,3,1,0,0
2085,2,0,0,3,1,1,1
2086,2,0,0,3,1,2,1
2087,2,0,0,3,1,3,1
2088,2,0,0,3,2,0,0
2089,2,0,0,3,2,1,1
2090,2,0,0,3,2,2,1
2091,2,0,0,3,2,3,1
2092,2,0,0,3,3,0,0
2093,2,0,0,3,3,1,1
2094,2,0,0,3,3,2,1
2095,2,0,0,3,3,3,1
2096,2,0,1,0,0,0,2
2097,2,0,1,0,0,1,4
2098,2,0,1,0,0,2,4
2099,2,0,1,0,0,3,4
2100,2,0,1,0,1,0,5
2101,2,0,1,0,1,1,3
2102,2,0,1,0,1,2,3
2103,2,0,1,0,1,3,3
2104,2,0,1,0,2,0,5
2105,2,0,1,0,2,1,3
2106,2,0,1,0,2,2,3
2107,2,0,1,0,2,3,3
2108,2,0,1,0,3,0,5
2109,2,0,1,0,3,1,3
2110,2,0,1,0,3,2,3
2111,2,0,1,0,3,3,3
2112,2,0,1,1,0,0,2
2113,2,0,1,1,0,1,4
2114,2,0,1,1,0,2,4
2115,2,0,1,1,0,3,4
2116,2,0,1,1,1,0,5
2117,2,0,1,1,1,1,3
2118,2,0,1,1,1,2,3
2119,2,0,1,1,1,3,3
2120,2,0,1,1,2,0,5
2121,2,0,1,1,2,1,3
2122,2,0,1,1,2,2,3
2123,2,0,1,1,2,3,3
2124,2,0,1,1,3,0,5
2125,2,0,1,1,3,1,3
2126,2,0,1,1,3,2,3
2127,2,0,1,1,3,3,3
2128,2,0,1,2,0,0,2
2129,2,0,1,2,0,1,4
2130,2,0,1,2,0,2,4
2131,2,0,1,2,0,3,4
2132,2,0,1,2,1,0,5
2133,2,0,1,2,1,1,3
2134,2,0,1,2,1,2,3
2135,2,0,1,2,1,3,3
2136,2,0,1,2,2,0,5
2137,2,0,1,2,2,1,3
2138,2,0,1,2,2,2,3
2139,2,0,1,2,2,3,3
2140,2,0,1,2,3,0,5
2141,2,0,1,2,3,1,3
2142,2,0,1,2,3,2,3
2143,2,0,1,2,3,3,3
2144,2,0,1,3,0,0,2
2145,2,0,1,3,0,1,4
2146,2,0,1,3,0,2,4
2147,2,0,1,3,0,3,4
2148,2,0,1,3,1,0,5
2149,2,0,1,3,1,1,3
2150,2,0,1,3,1,2,3
2151,2,0,1,3,1,3,3
2152,2,0,1,3,2,0,5
2153,2,0,1,3,2,1,3
2154,2,0,1,3,2,2,3
2155,2,0,1,3,2,3,3
2156,2,0,1,3,3,0,5
2157,2,0,1,3,3,1,3
2158,2,0,1,3,3,2,3
2159,2,0,1,3,3,3,3
2160,2,0,2,0,0,0,2
2161,2,0,2,0,0,1,4
2162,2,0,2,0,0,2,4
2163,2,0,2,0,0,3,4
2164,2,0,2,0,1,0,5
2165,2,0,2,0,1,1,3
2166,2,0,2,0,1,2,3
2167,2,0,2,0,1,3,3
2168,2,0,2,0,2,0,5
2169,2,0,2,0,2,1,3
2170,2,0,2,0,2,2,3
2171,2,0,2,0,2,3,3
2172,2,0,2,0,3,0,5
2173,2,0,2,0,3,1,3
2174,2,0,2,0,3,2,3
2175,2,0,2,0,3,3,3
2176,2,0,2,1,0,0,2
2177,2,0,2,1,0,1,4
2178,2,0,2,1,0,2,4
2179,2,0,2,1,0,3,4
2180,2,0,2,1,1,0,5
2181,2,0,2,1,1,1,3
2182,2,0,2,1,1,2,3
2183,2,0,2,1,1,3,3
2184,2,0,2,1,2,0,5
2185,2,0,2,1,2,1,3
2186,2,0,2,1,2,2,3
2187,2,0,2,1,2,3,3
2188,2,0,2,1,3,0,5
2189,2,0,2,1,3,1,3
2190,2,0,2,1,3,2,3
2191,2,0,2,1,3,3,3
2192,2,0,2,2,0,0,2
2193,2,0,2,2,0,1,4
2194,2,0,2,2,0,2,4
2195,2,0,2,2,0,3,4
2196,2,0,2,2,1,0,5
2197,2,0,2,2,1,1,3
2198,2,0,2,2,1,2,3
2199,2,0,2,2,1,3,3
2200,2,0,2,2,2,0,5
2201,2,0,2,2,2,1,3
2202,2,0,2,2,2,2,3
2203,2,0,2,2,2,3,3
2204,2,0,2,2,3,0,5
2205,2,0,2,2,3,1,3
2206,2,0,2,2,3,2,3
2207,2,0,2,2,3,3,3
2208,2,0,2,3,0,0,2
2209,2,0,2,3,0,1,4
2210,2,0,2,3,0,2,4
2211,2,0,2,3,0,3,4
2212,2,0,2,3,1,0,5
2213,2,0,2,3,1,1,3
2214,2,0,2,3,1,2,3
2215,2,0,2,3,1,3,3
2216,2,0,2,3,2,0,5
2217,2,0,2,3,2,1,3
2218,2,0,2,3,2,2,3
2219,2,0,2,3,2,3,3
2220,2,0,2,3,3,0,5
2221,2,0,2,3,3,1,3
2222,2,0,2,3,3,2,3
2223,2,0,2,3,3,3,3
2224,2,0,3,0,0,0,2
2225,2,0,3,0,0,1,4
2226,2,0,3,0,0,2,4
2227,2,0,3,0,0,3,4
2228,2,0,3,0,1,0,5
2229,2,0,3,0,1,1,3
2230,2,0,3,0,1,2,3
2231,2,0,3,0,1,3,3
2232,2,0,3,0,2,0,5
2233,2,0,3,0,2,1,3
2234,2,0,3,0,2,2,3
2235,2,0,3,0,2,3,3
2236,2,0,3,0,3,0,5
2237,2,0,3,0,3,1,3
2238,2,0,3,0,3,2,3
2239,2,0,3,0,3,3,3
2240,2,0,3,1,0,0,2
2241,2,0,3,1,0,1,4
2242,2,0,3,1,0,2,4
2243,2,0,3,1,0,3,4
2244,2,0,3,1,1,0,5
2245,2,0,3,1,1,1,3
2246,2,0,3,1,1,2,3
2247,2,0,3,1,1,3,3
2248,2,0,3,1,2,0,5
2249,2,0,3,1,2,1,3
2250,2,0,3,1,2,2,3
2251,2,0,3,1,2,3,3
2252,2,0,3,1,3,0,5
2253,2,0,3,1,3,1,3
2254,2,0,3,1,3,2,3
2255,2,0,3,1,3,3,3
2256,2,0,3,2,0,0,2
2257,2,0,3,2,0,1,4
2258,2,0,3,2,0,2,4
2259,2,0,3,2,0,3,4
2260,2,0,3,2,1,0,5
2261,2,0,3,2,1,1,3
2262,2,0,3,2,1,2,3
2263,2,0,3,2,1,3,3
2264,2,0,3,2,2,0,5
2265,2,0,3,2,2,1,3
2266,2,0,3,2,2,2,3
2267,2,0,3,2,2,3,3
2268,2,0,3,2,3,0,5
2269,2,0,3,2,3,1,3
2270,2,0,3,2,3,2,3
2271,2,0,3,2,3,3,3
2272,2,0,3,3,0,0,2
2273,2,0,3,3,0,1,4
2274,2,0,3,3,0,2,4
2275,2,0,3,3,0,3,4
2276,2,0,3,3,1,0,5
2277,2,0,3,3,1,1,3
2278,2,0,3,3,1,2,3
2279,2,0,3,3,1,3,3
2280,2,0,3,3,2,0,5
2281,2,0,3,3,2,1,3
2282,2,0,3,3,2,2,3
2283,2,0,3,3,2,3,3
2284,2,0,3,3,3,0,5
2285,2,0,3,3,3,1,3
2286,2,0,3,3,3,2,3
2287,2,0,3,3,3,3,3
2288,2,1,0,0,0,0,2
2289,2,1,0,0,0,1,4
2290,2,1,0,0,0,2,4
2291,2,1,0,0,0,3,4
2292,2,1,0,0,1,0,5
2293,2,1,0,0,1,1,3
2294,2,1,0,0,1,2,3
2295,2,1,0,0,1,3,3
2296,2,1,0,0,2,0,5
2297,2,1,0,0,2,1,3
2298,2,1,0,0,2,2,3
2299,2,1,0,0,2,3,3
2300,2,1,0,0,3,0,5
2301,2,1,0,0,3,1,3
2302,2,1,0,0,3,2,3
2303,2,1,0,0,3,3,3
2304,2,1,0,1,0,0,2
2305,2,1,0,1,0,1,4
2306,2,1,0,1,0,2,4
2307,2,1,0,1,0,3,4
2308,2,1,0,1,1,0,5
2309,2,1,0,1,1,1,3
2310,2,1,0,1,1,2,3
2311,2,1,0,1,1,3,3
2312,2,1,0,1,2,0,5
2313,2,1,0,1,2,1,3
2314,2,1,0,1,2,2,3
2315,2,1,0,1,2,3,3
2316,2,1,0,1,3,0,5
2317,2,1,0,1,3,1,3
2318,2,1,0,1,3,2,3
2319,2,1,0,1,3,3,3
2320,2,1,0,2,0,0,2
2321,2,1,0,2,0,1,4
2322,2,1,0,2,0,2,4
2323,2,1,0,2,0,3,4
2324,2,1,0,2,1,0,5
2325,2,1,0,2,1,1,3
2326,2,1,0,2,1,2,3
2327,2,1,0,2,1,3,3
2328,2,1,0,2,2,0,5
2329,2,1,0,2,2,1,3
2330,2,1,0,2,2,2,3
2331,2,1,0,2,2,3,3
2332,2,1,0,2,3,0,5
2333,2,1,0,2,3,1,3
2334,2,1,0,2,3,2,3
2335,2,1,0,2,3,3,3
2336,2,1,0,3,0,0,2
2337,2,1,0,3,0,1,4
2338,2,1,0,3,0,2,4
2339,2,1,0,3,0,3,4
2340,2,1,0,3,1,0,5
2341,2,1,0,3,1,1,3
2342,2,1,0,3,1,2,3
2343,2,1,0,3,1,3,3
2344,2,1,0,3,2,0,5
2345,2,1,0,3,2,1,3
2346,2,1,0,3,2,2,3
2347,2,1,0,3,2,3,3
2348,2,1,0,3,3,0,5
2349,2,1,0,3,3,1,3
2350,2,1,0,3,3,2,3
2351,2,1,0,3,3,3,3
2352,2,1,1,0,0,0,2
2353,2,1,1,0,0,1,4
2354,2,1,1,0,0,2,4
2355,2,1,1,0,0,3,4
2356,2,1,1,0,1,0,5
2357,2,1,1,0,1,1,3
2358,2,1,1,0,1,2,3
2359,2,1,1,0,1,3,3
2360,2,1,1,0,2,0,5
2361,2,1,1,0,2,1,3
2362,2,1,1,0,2,2,3
2363,2,1,1,0,2,3,3
2364,2,1,1,0,3,0,5
2365,2,1,1,0,3,1,3
2366,2,1,1,0,3,2,3
2367,2,1,1,0,3,3,3
2368,2,1,1,1,0,0,2
2369,2,1,1,1,0,1,4
2370,2,1,1,1,0,2,4
2371,2,1,1,1,0,3,4
2372,2,1,1,1,1,0,5
2373,2,1,1,1,1,1,3
2374,2,1,1,1,1,2,3
2375,2,1,1,1,1,3,3
2376,2,1,1,1,2,0,5
2377,2,1,1,1,2,1,3
2378,2,1,1,1,2,2,3
2379,2,1,1,1,2,3,3
2380,2,1,1,1,3,0,5
2381,2,1,1,1,3,1,3
2382,2,1,1,1,3,2,3
2383,2,1,1,1,3,3,3
2384,2,1,1,2,0,0,2
2385,2,1,1,2,0,1,4
2386,2,1,1,2,0,2,4
2387,2,1,1,2,0,3,4
2388,2,1,1,2,1,0,5
2389,2,1,1,2,1,1,3
2390,2,1,1,2,1,2,3
2391,2,1,1,2,1,3,3
2392,2,1,1,2,2,0,5
2393,2,1,1,2,2,1,3
2394,2,1,1,2,2,2,3
2395,2,1,1,2,2,3,3
2396,2,1,1,2,3,0,5
2397,2,1,1,2,3,1,3
2398,2,1,1,2,3,2,3
2399,2,1,1,2,3,3,3
2400,2,1,1,3,0,0,2
2401,2,1,1,3,0,1,4
2402,2,1,1,3,0,2,4
2403,2,1,1,3,0,3,4
2404,2,1,1,3,1,0,5
2405,2,1,1,3,1,1,3
2406,2,1,1,3,1,2,3
2407,2,1,1,3,1,3,3
2408,2,1,1,3,2,0,5
2409,2,1,1,3,2,1,3
2410,2,1,1,3,2,2,3
2411,2,1,1,3,2,3,3
2412,2,1,1,3,3,0,5
2413,2,1,1,3,3,1,3
2414,2,1,1,3,3,2,3
2415,2,1,1,3,3,3,3
2416,2,1,2,0,0,0,2
2417,2,1,2,0,0,1,4
2418,2,1,2,0,0,2,4
2419,2,1,2,0,0,3,4
2420,2,1,2,0,1,0,5
2421,2,1,2,0,1,1,3
2422,2,1,2,0,1,2,3
2423,2,1,2,0,1,3,3
2424,2,1,2,0,2,0,5
2425,2,1,2,0,2,1,3
2426,2,1,2,0,2,2,3
2427,2,1,2,0,2,3,3
2428,2,1,2,0,3,0,5
2429,2,1,2,0,3,1,3
2430,2,1,2,0,3,2,3
2431,2,1,2,0,3,3,3
2432,2,1,2,1,0,0,2
2433,2,1,2,1,0,1,4
2434,2,1,2,1,0,2,4
2435,2,1,2,1,0,3,4
2436,2,1,2,1,1,0,5
2437,2,1,2,1,1,1,3
2438,2,1,2,1,1,2,3
2439,2,1,2,1,1,3,3
2440,2,1,2,1,2,0,5
2441,2,1,2,1,2,1,3
2442,2,1,2,1,2,2,3
2443,2,1,2,1,2,3,3
2444,2,1,2,1,3,0,5
2445,2,1,2,1,3,1,3
2446,2,1,2,1,3,2,3
2447,2,1,2,1,3,3,3
2448,2,1,2,2,0,0,2
2449,2,1,2,2,0,1,4
2450,2,1,2,2,0,2,4
2451,2,1,2,2,0,3,4
2452,2,1,2,2,1,0,5
2453,2,1,2,2,1,1,3
2454,2,1,2,2,1,2,3
2455,2,1,2,2,1,3,3
2456,2,1,2,2,2,0,5
2457,2,1,2,2,2,1,3
2458,2,1,2,2,2,2,3
2459,2,1,2,2,2,3,3
2460,2,1,2,2,3,0,5
2461,2,1,2,2,3,1,3
2462,2,1,2,2,3,2,3
2463,2,1,2,2,3,3,3
2464,2,1,2,3,0,0,2
2465,2,1,2,3,0,1,4
2466,2,1,2,3,0,2,4
2467,2,1,2,3,0,3,4
2468,2,1,2,3,1,0,5
2469,2,1,2,3,1,1,3
2470,2,1,2,3,1,2,3
2471,2,1,2,3,1,3,3
2472,2,1,2,3,2,0,5
2473,2,1,2,3,2,1,3
2474,2,1,2,3,2,2,3
2475,2,1,2,3,2,3,3
2476,2,1,2,3,3,0,5
2477,2,1,2,3,3,1,3
2478,2,1,2,3,3,2,3
2479,2,1,2,3,3,3,3
2480,2,1,3,0,0,0,2
2481,2,1,3,0,0,1,4
2482,2,1,3,0,0,2,4
2483,2,1,3,0,0,3,4
2484,2,1,3,0,1,0,5
2485,2,1,3,0,1,1,3
2486,2,1,3,0,1,2,3
2487,2,1,3,0,1,3,3
2488,2,1,3,0,2,0,5
2489,2,1,3,0,2,1,3
2490,2,1,3,0,2,2,3
2491,2,1,3,0,2,3,3
2492,2,1,3,0,3,0,5
2493,2,1,3,0,3,1,3
2494,2,1,3,0,3,2,3
2495,2,1,3,0,3,3,3
2496,2,1,3,1,0,0,2
2497,2,1,3,1,0,1,4
2498,2,1,3,1,0,2,4
2499,2,1,3,1,0,3,4
2500,2,1,3,1,1,0,5
2501,2,1,3,1,1,1,3
2502,2,1,3,1,1,2,3
2503,2,1,3,1,1,3,3
2504,2,1,3,1,2,0,5
2505,2,1,3,1,2,1,3
2506,2,1,3,1,2,2,3
2507,2,1,3,1,2,3,3
2508,2,1,3,1,3,0,5
2509,2,1,3,1,3,1,3
2510,2,1,3,1,3,2,3
2511,2,1,3,1,3,3,3
2512,2,1,3,2,0,0,2
2513,2,1,3,2,0,1,4
2514,2,1,3,2,0,2,4
2515,2,1,3,2,0,3,4
2516,2,1,3,2,1,0,5
2517,2,1,3,2,1,1,3
2518,2,1,3,2,1,2,3
2519,2,1,3,2,1,3,3
2520,2,1,3,2,2,0,5
2521,2,1,3,2,2,1,3
2522,2,1,3,2,2,2,3
2523,2,1,3,2,2,3,3
2524,2,1,3,2,3,0,5
2525,2,1,3,2,3,1,3
2526,2,1,3,2,3,2,3
2527,2,1,3,2,3,3,3
2528,2,1,3,3,0,0,2
2529,2,1,3,3,0,1,4
2530,2,1,3,3,0,2,4
2531,2,1,3,3,0,3,4
2532,2,1,3,3,1,0,5
2533,2,1,3,3,1,1,3
2534,2,1,3,3,1,2,3
2535,2,1,3,3,1,3,3
2536,2,1,3,3,2,0,5
2537,2,1,3,3,2,1,3
2538,2,1,3,3,2,2,3
2539,2,1,3,3,2,3,3
2540,2,1,3,3,3,0,5
2541,2,1,3,3,3,1,3
2542,2,1,3,3,3,2,3
2543,2,1,3,3,3,3,3
2544,2,2,0,0,0,0,2
2545,2,2,0,0,0,1,4
2546,2,2,0,0,0,2,4
2547,2,2,0,0,0,3,4
2548,2,2,0,0,1,0,5
2549,2,2,0,0,1,1,3
2550,2,2,0,0,1,2,3
2551,2,2,0,0,1,3,3
2552,2,2,0,0,2,0,5
2553,2,2,0,0,2,1,3
2554,2,2,0,0,2,2,3
2555,2,2,0,0,2,3,3
2556,2,2,0,0,3,0,5
2557,2,2,0,0,3,1,3
2558,2,2,0,0,3,2,3
2559,2,2,0,0,3,3,3
2560,2,2,0,1,0,0,2
2561,2,2,0,1,0,1,4
2562,2,2,0,1,0,2,4
2563,2,2,0,1,0,3,4
2564,2,2,0,1,1,0,5
2565,2,2,0,1,1,1,3
2566,2,2,0,1,1,2,3
2567,2,2,0,1,1,3,3
2568,2,2,0,1,2,0,5
2569,2,2,0,1,2,1,3
2570,2,2,0,1,2,2,3
2571,2,2,0,1,2,3,3
2572,2,2,0,1,3,0,5
2573,2,2,0,1,3,1,3
2574,2,2,0,1,3,2,3
2575,2,2,0,1,3,3,3
2576,2,2,0,2,0,0,2
2577,2,2,0,2,0,1,4
2578,2,2,0,2,0,2,4
2579,2,2,0,2,0,3,4
2580,2,2,0,2,1,0,5
2581,2,2,0,2,1,1,3
2582,2,2,0,2,1,2,3
2583,2,2,0,2,1,3,3
2584,2,2,0,2,2,0,5
2585,2,2,0,2,2,1,3
2586,2,2,0,2,2,2,3
2587,2,2,0,2,2,3,3
2588,2,2,0,2,3,0,5
2589,2,2,0,2,3,1,3
2590,2,2,0,2,3,2,3
2591,2,2,0,2,3,3,3
2592,2,2,0,3,0,0,2
2593,2,2,0,3,0,1,4
2594,2,2,0,3,0,2,4
2595,2,2,0,3,0,3,4
2596,2,2,0,3,1,0,5
2597,2,2,0,3,1,1,3
2598,2,2,0,3,1,2,3
2599,2,2,0,3,1,3,3
2600,2,2,0,3,2,0,5
2601,2,2,0,3,2,1,3
2602,2,2,0,3,2,2,3
2603,2,2,0,3,2,3,3
2604,2,2,0,3,3,0,5
2605,2,2,0,3,3,1,3
2606,2,2,0,3,3,2,3
2607,2,2,0,3,3,3,3
2608,2,2,1,0,0,0,2
2609,2,2,1,0,0,1,4
2610,2,2,1,0,0,2,4
2611,2,2,1,0,0,3,4
2612,2,2,1,0,1,0,5
2613,2,2,1,0,1,1,3
2614,2,2,1,0,1,2,3
2615,2,2,1,0,1,3,3
2616,2,2,1,0,2,0,5
2617,2,2,1,0,2,1,3
2618,2,2,1,0,2,2,3
2619,2,2,1,0,2,3,3
2620,2,2,1,0,3,0,5
2621,2,2,1,0,3,1,3
2622,2,2,1,0,3,2,3
2623,2,2,1,0,3,3,3
2624,2,2,1,1,0,0,2
2625,2,2,1,1,0,1,4
2626,2,2,1,1,0,2,4
2627,2,2,1,1,0,3,4
2628,2,2,1,1,1,0,5
2629,2,2,1,1,1,1,3
2630,2,2,1,1,1,2,3
2631,2,2,1,1,1,3,3
2632,2,2,1,1,2,0,5
2633,2,2,1,1,2,1,3
2634,2,2,1,1,2,2,3
2635,2,2,1,1,2,3,3
2636,2,2,1,1,3,0,5
2637,2,2,1,1,3,1,3
2638,2,2,1,1,3,2,3
2639,2,2,1,1,3,3,3
2640,2,2,1,2,0,0,2
2641,2,2,1,2,0,1,4
2642,2,2,1,2,0,2,4
2643,2,2,1,2,0,3,4
2644,2,2,1,2,1,0,5
2645,2,2,1,2,1,1,3
2646,2,2,1,2,1,2,3
2647,2,2,1,2,1,3,3
2648,2,2,1,2,2,0,5
2649,2,2,1,2,2,1,3
2650,2,2,1,2,2,2,3
2651,2,2,1,2,2,3,3
2652,2,2,1,2,3,0,5
2653,2,2,1,2,3,1,3
2654,2,2,1,2,3,2,3
2655,2,2,1,2,3,3,3
2656,2,2,1,3,0,0,2
2657,2,2,1,3,0,1,4
2658,2,2,1,3,0,2,4
2659,2,2,1,3,0,3,4
2660,2,2,1,3,1,0,5
2661,2,2,1,3,1,1,3
2662,2,2,1,3,1,2,3
2663,2,2,1,3,1,3,3
2664,2,2,1,3,2,0,5
2665,2,2,1,3,2,1,3
2666,2,2,1,3,2,2,3
2667,2,2,1,3,2,3,3
2668,2,2,1,3,3,0,5
2669,2,2,1,3,3,1,3
2670,2,2,1,3,3,2,3
2671,2,2,1,3,3,3,3
2672,2,2,2,0,0,0,2
2673,2,2,2,0,0,1,4
2674,2,2,2,0,0,2,4
2675,2,2,2,0,0,3,4
2676,2,2,2,0,1,0,5
2677,2,2,2,0,1,1,3
2678,2,2,2,0,1,2,3
2679,2,2,2,0,1,3,3
2680,2,2,2,0,2,0,5
2681,2,2,2,0,2,1,3
2682,2,2,2,0,2,2,3
2683,2,2,2,0,2,3,3
2684,2,2,2,0,3,0,5
2685,2,2,2,0,3,1,3
2686,2,2,2,0,3,2,3
2687,2,2,2,0,3,3,3
2688,2,2,2,1,0,0,2
2689,2,2,2,1,0,1,4
2690,2,2,2,1,0,2,4
2691,2,2,2,1,0,3,4
2692,2,2,2,1,1,0,5
2693,2,2,2,1,1,1,3
2694,2,2,2,1,1,2,3
2695,2,2,2,1,1,3,3
2696,2,2,2,1,2,0,5
2697,2,2,2,1,2,1,3
2698,2,2,2,1,2,2,3
2699,2,2,2,1,2,3,3
2700,2,2,2,1,3,0,5
2701,2,2,2,1,3,1,3
2702,2,2,2,1,3,2,3
2703,2,2,2,1,3,3,3
2704,2,2,2,2,0,0,2
2705,2,2,2,2,0,1,4
2706,2,2,2,2,0,2,4
2707,2,2,2,2,0,3,4
2708,2,2,2,2,1,0,5
2709,2,2,2,2,1,1,3
2710,2,2,2,2,1,2,3
2711,2,2,2,2,1,3,3
2712,2,2,2,2,2,0,5
2713,2,2,2,2,2,1,3
2714,2,2,2,2,2,2,3
2715,2,2,2,2,2,3,3
2716,2,2,2,2,3,0,5
2717,2,2,2,2,3,1,3
2718,2,2,2,2,3,2,3
2719,2,2,2,2,3,3,3
2720,2,2,2,3,0,0,2
2721,2,2,2,3,0,1,4
2722,2,2,2,3,0,2,4
2723,2,2,2,3,0,3,4
2724,2,2,2,3,1,0,5
2725,2,2,2,3,1,1,3
2726,2,2,2,3,1,2,3
2727,2,2,2,3,1,3,3
2728,2,2,2,3,2,0,5
2729,2,2,2,3,2,1,3
2730,2,2,2,3,2,2,3
2731,2,2,2,3,2,3,3
2732,2,2,2,3,3,0,5
2733,2,2,2,3,3,1,3
2734,2,2,2,3,3,2,3
2735,2,2,2,3,3,3,3
2736,2,2,3,0,0,0,2
2737,2,2,3,0,0,1,4
2738,2,2,3,0,0,2,4
2739,2,2,3,0,0,3,4
2740,2,2,3,0,1,0,5
2741,2,2,3,0,1,1,3
2742,2,2,3,0,1,2,3
2743,2,2,3,0,1,3,3
2744,2,2,3,0,2,0,5
2745,2,2,3,0,2,1,3
2746,2,2,3,0,2,2,3
2747,2,2,3,0,2,3,3
2748,2,2,3,0,3,0,5
2749,2,2,3,0,3,1,3
2750,2,2,3,0,3,2,3
2751,2,2,3,0,3,3,3
2752,2,2,3,1,0,0,2
2753,2,2,3,1,0,1,4
2754,2,2,3,1,0,2,4
2755,2,2,3,1,0,3,4
2756,2,2,3,1,1,0,5
2757,2,2,3,1,1,1,3
2758,2,2,3,1,1,2,3
2759,2,2,3,1,1,3,3
2760,2,2,3,1,2,0,5
2761,2,2,3,1,2,1,3
2762,2,2,3,1,2,2,3
2763,2,2,3,1,2,3,3
2764,2,2,3,1,3,0,5
2765,2,2,3,1,3,1,3
2766,2,2,3,1,3,2,3
2767,2,2,3,1,3,3,3
2768,2,2,3,2,0,0,2
2769,2,2,3,2,0,1,4
2770,2,2,3,2,0,2,4
2771,2,2,3,2,0,3,4
2772,2,2,3,2,1,0,5
2773,2,2,3,2,1,1,3
2774,2,2,3,2,1,2,3
2775,2,2,3,2,1,3,3
2776,2,2,3,2,2,0,5
2777,2,2,3,2,2,1,3
2778,2,2,3,2,2,2,3
2779,2,2,3,2,2,3,3
2780,2,2,3,2,3,0,5
2781,2,2,3,2,3,1,3
2782,2,2,3,2,3,2,3
2783,2,2,3,2,3,3,3
2784,2,2,3,3,0,0,2
2785,2,2,3,3,0,1,4
2786,2,2,3,3,0,2,4
2787,2,2,3,3,0,3,4
2788,2,2,3,3,1,0,5
2789,2,2,3,3,1,1,3
2790,2,2,3,3,1,2,3
2791,2,2,3,3,1,3,3
2792,2,2,3,3,2,0,5
2793,2,2,3,3,2,1,3
2794,2,2,3,3,2,2,3
2795,2,2,3,3,2,3,3
2796,2,2,3,3,3,0,5
2797,2,2,3,3,3,1,3
2798,2,2,3,3,3,2,3
2799,2,2,3,3,3,3,3
2800,2,3,0,0,0,0,2
2801,2,3,0,0,0,1,4
2802,2,3,0,0,0,2,4
2803,2,3,0,0,0,3,4
2804,2,3,0,0,1,0,5
2805,2,3,0,0,1,1,3
2806,2,3,0,0,1,2,3
2807,2,3,0,0,1,3,3
2808,2,3,0,0,2,0,5
2809,2,3,0,0,2,1,3
2810,2,3,0,0,2,2,3
2811,2,3,0,0,2,3,3
2812,2,3,0,0,3,0,5
2813,2,3,0,0,3,1,3
2814,2,3,0,0,3,2,3
2815,2,3,0,0,3,3,3
2816,2,3,0,1,0,0,2
2817,2,3,0,1,0,1,4
2818,2,3,0,1,0,2,4
2819,2,3,0,1,0,3,4
2820,2,3,0,1,1,0,5
2821,2,3,0,1,1,1,3
2822,2,3,0,1,1,2,3
2823,2,3,0,1,1,3,3
2824,2,3,0,1,2,0,5
2825,2,3,0,1,2,1,3
2826,2,3,0,1,2,2,3
2827,2,3,0,1,2,3,3
2828,2,3,0,1,3,0,5
2829,2,3,0,1,3,1,3
2830,2,3,0,1,3,2,3
2831,2,3,0,1,3,3,3
2832,2,3,0,2,0,0,2
2833,2,3,0,2,0,1,4
2834,2,3,0,2,0,2,4
2835,2,3,0,2,0,3,4
2836,2,3,0,2,1,0,5
2837,2,3,0,2,1,1,3
2838,2,3,0,2,1,2,3
2839,2,3,0,2,1,3,3
2840,2,3,0,2,2,0,5
2841,2,3,0,2,2,1,3
2842,2,3,0,2,2,2,3
2843,2,3,0,2,2,3,3
2844,2,3,0,2,3,0,5
2845,2,3,0,2,3,1,3
2846,2,3,0,2,3,2,3
2847,2,3,0,2,3,3,3
2848,2,3,0,3,0,0,2
2849,2,3,0,3,0,1,4
2850,2,3,0,3,0,2,4
2851,2,3,0,3,0,3,4
2852,2,3,0,3,1,0,5
2853,2,3,0,3,1,1,3
2854,2,3,0,3,1,2,3
2855,2,3,0,3,1,3,3
2856,2,3,0,3,2,0,5
2857,2,3,0,3,2,1,3
2858,2,3,0,3,2,2,3
2859,2,3,0,3,2,3,3
2860,2,3,0,3,3,0,5
2861,2,3,0,3,3,1,3
2862,2,3,0,3,3,2,3
2863,2,3,0,3,3,3,3
2864,2,3,1,0,0,0,2
2865,2,3,1,0,0,1,4
2866,2,3,1,0,0,2,4
2867,2,3,1,0,0,3,4
2868,2,3,1,0,1,0,5
2869,2,3,1,0,1,1,3
2870,2,3,1,0,1,2,3
2871,2,3,1,0,1,3,3
2872,2,3,1,0,2,0,5
2873,2,3,1,0,2,1,3
2874,2,3,1,0,2,2,3
2875,2,3,1,0,2,3,3
2876,2,3,1,0,3,0,5
2877,2,3,1,0,3,1,3
2878,2,3,1,0,3,2,3
2879,2,3,1,0,3,3,3
2880,2,3,1,1,0,0,2
2881,2,3,1,1,0,1,4
2882,2,3,1,1,0,2,4
2883,2,3,1,1,0,3,4
2884,2,3,1,1,1,0,5
2885,2,3,1,1,1,1,3
2886,2,3,1,1,1,2,3
2887,2,3,1,1,1,3,3
2888,2,3,1,1,2,0,5
2889,2,3,1,1,2,1,3
2890,2,3,1,1,2,2,3
2891,2,3,1,1,2,3,3
2892,2,3,1,1,3,0,5
2893,2,3,1,1,3,1,3
2894,2,3,1,1,3,2,3
2895,2,3,1,1,3,3,3
2896,2,3,1,2,0,0,2
2897,2,3,1,2,0,1,4
2898,2,3,1,2,0,2,4
2899,2,3,1,2,0,3,4
2900,2,3,1,2,1,0,5
2901,2,3,1,2,1,1,3
2902,2,3,1,2,1,2,3
2903,2,3,1,2,1,3,3
2904,2,3,1,2,2,0,5
2905,2,3,1,2,2,1,3
2906,2,3,1,2,2,2,3
2907,2,3,1,2,2,3,3
2908,2,3,1,2,3,0,5
2909,2,3,1,2,3,1,3
2910,2,3,1,2,3,2,3
2911,2,3,1,2,3,3,3
2912,2,3,1,3,0,0,2
2913,2,3,1,3,0,1,4
2914,2,3,1,3,0,2,4
2915,2,3,1,3,0,3,4
2916,2,3,1,3,1,0,5
2917,2,3,1,3,1,1,3
2918,2,3,1,3,1,2,3
2919,2,3,1,3,1,3,3
2920,2,3,1,3,2,0,5
2921,2,3,1,3,2,1,3
2922,2,3,1,3,2,2,3
2923,2,3,1,3,2,3,3
2924,2,3,1,3,3,0,5
2925,2,3,1,3,3,1,3
2926,2,3,1,3,3,2,3
2927,2,3,1,3,3,3,3
2928,2,3,2,0,0,0,2
2929,2,3,2,0,0,1,4
2930,2,3,2,0,0,2,4
2931,2,3,2,0,0,3,4
2932,2,3,2,0,1,0,5
2933,2,3,2,0,1,1,3
2934,2,3,2,0,1,2,3
2935,2,3,2,0,1,3,3
2936,2,3,2,0,2,0,5
2937,2,3,2,0,2,1,3
2938,2,3,2,0,2,2,3
2939,2,3,2,0,2,3,3
2940,2,3,2,0,3,0,5
2941,2,3,2,0,3,1,3
2942,2,3,2,0,3,2,3
2943,2,3,2,0,3,3,3
2944,2,3,2,1,0,0,2
2945,2,3,2,1,0,1,4
2946,2,3,2,1,0,2,4
2947,2,3,2,1,0,3,4
2948,2,3,2,1,1,0,5
2949,2,3,2,1,1,1,3
2950,2,3,2,1,1,2,3
2951,2,3,2,1,1,3,3
2952,2,3,2,1,2,0,5
2953,2,3,2,1,2,1,3
2954,2,3,2,1,2,2,3
2955,2,3,2,1,2,3,3
2956,2,3,2,1,3,0,5
2957,2,3,2,1,3,1,3
2958,2,3,2,1,3,2,3
2959,2,3,2,1,3,3,3
2960,2,3,2,2,0,0,2
2961,2,3,2,2,0,1,4
2962,2,3,2,2,0,2,4
2963,2,3,2,2,0,3,4
2964,2,3,2,2,1,0,5
2965,2,3,2,2,1,1,3
2966,2,3,2,2,1,2,3
2967,2,3,2,2,1,3,3
2968,2,3,2,2,2,0,5
2969,2,3,2,2,2,1,3
2970,2,3,2,2,2,2,3
2971,2,3,2,2,2,3,3
2972,2,3,2,2,3,0,5
2973,2,3,2,2,3,1,3
2974,2,3,2,2,3,2,3
2975,2,3,2,2,3,3,3
2976,2,3,2,3,0,0,2
2977,2,3,2,3,0,1,4
2978,2,3,2,3,0,2,4
2979,2,3,2,3,0,3,4
2980,2,3,2,3,1,0,5
2981,2,3,2,3,1,1,3
2982,2,3,2,3,1,2,3
2983,2,3,2,3,1,3,3
2984,2,3,2,3,2,0,5
2985,2,3,2,3,2,1,3
2986,2,3,2,3,2,2,3
2987,2,3,2,3,2,3,3
2988,2,3,2,3,3,0,5
2989,2,3,2,3,3,1,3
2990,2,3,2,3,3,2,3
2991,2,3,2,3,3,3,3
2992,2,3,3,0,0,0,2
2993,2,3,3,0,0,1,4
2994,2,3,3,0,0,2,4
2995,2,3,3,0,0,3,4
2996,2,3,3,0,1,0,5
2997,2,3,3,0,1,1,3
2998,2,3,3,0,1,2,3
2999,2,3,3,0,1,3,3
3000,2,3,3,0,2,0,5
3001,2,3,3,0,2,1,3
3002,2,3,3,0,2,2,3
3003,2,3,3,0,2,3,3
3004,2,3,3,0,3,0,5
3005,2,3,3,0,3,1,3
3006,2,3,3,0,3,2,3
3007,2,3,3,0,3,3,3
3008,2,3,3,1,0,0,2
3009,2,3,3,1,0,1,4
3010,2,3,3,1,0,2,4
3011,2,3,3,1,0,3,4
3012,2,3,3,1,1,0,5
3013,2,3,3,1,1,1,3
3014,2,3,3,1,1,2,3
3015,2,3,3,1,1,3,3
3016,2,3,3,1,2,0,5
3017,2,3,3,1,2,1,3
3018,2,3,3,1,2,2,3
3019,2,3,3,1,2,3,3
3020,2,3,3,1,3,0,5
3021,2,3,3,1,3,1,3
3022,2,3,3,1,3,2,3
3023,2,3,3,1,3,3,3
3024,2,3,3,2,0,0,2
3025,2,3,3,2,0,1,4
3026,2,3,3,2,0,2,4
3027,2,3,3,2,0,3,4
3028,2,3,3,2,1,0,5
3029,2,3,3,2,1,1,3
3030,2,3,3,2,1,2,3
3031,2,3,3,2,1,3,3
3032,2,3,3,2,2,0,5
3033,2,3,3,2,2,1,3
3034,2,3,3,2,2,2,3
3035,2,3,3,2,2,3,3
3036,2,3,3,2,3,0,5
3037,2,3,3,2,3,1,3
3038,2,3,3,2,3,2,3
3039,2,3,3,2,3,3,3
3040,2,3,3,3,0,0,2
3041,2,3,3,3,0,1,4
3042,2,3,3,3,0,2,4
3043,2,3,3,3,0,3,4
3044,2,3,3,3,1,0,5
3045,2,3,3,3,1,1,3
3046,2,3,3,3,1,2,3
3047,2,3,3,3,1,3,3
3048,2,3,3,3,2,0,5
3049,2,3,3,3,2,1,3
3050,2,3,3,3,2,2,3
3051,2,3,3,3,2,3,3
3052,2,3,3,3,3,0,5
3053,2,3,3,3,3,1,3
3054,2,3,3,3,3,2,3
3055,2,3,3,3,3,3,3
3056,3,0,0,0,0,0,2
3057,3,0,0,0,0,1,4
3058,3,0,0,0,0,2,4
3059,3,0,0,0,0,3,4
3060,3,0,0,0,1,0,5
3061,3,0,0,0,1,1,3
3062,3,0,0,0,1,2,3
3063,3,0,0,0,1,3,3
3064,3,0,0,0,2,0,5
3065,3,0,0,0,2,1,3
3066,3,0,0,0,2,2,3
3067,3,0,0,0,2,3,3
3068,3,0,0,0,3,0,5
3069,3,0,0,0,3,1,3
3070,3,0,0,0,3,2,3
3071,3,0,0,0,3,3,3
3072,3,0,0,1,0,0,2
3073,3,0,0,1,0,1,4
3074,3,0,0,1,0,2,4
3075,3,0,0,1,0,3,4
3076,3,0,0,1,1,0,5
3077,3,0,0,1,1,1,3
3078,3,0,0,1,1,2,3
3079,3,0,0,1,1,3,3
3080,3,0,0,1,2,0,5
3081,3,0,0,1,2,1,3
3082,3,0,0,1,2,2,3
3083,3,0,0,1,2,3,3
3084,3,0,0,1,3,0,5
3085,3,0,0,1,3,1,3
3086,3,0,0,1,3,2,3
3087,3,0,0,1,3,3,3
3088,3,0,0,2,0,0,2
3089,3,0,0,2,0,1,4
3090,3,0,0,2,0,2,4
3091,3,0,0,2,0,3,4
3092,3,0,0,2,1,0,5
3093,3,0,0,2,1,1,3
3094,3,0,0,2,1,2,3
3095,3,0,0,2,1,3,3
3096,3,0,0,2,2,0,5
3097,3,0,0,2,2,1,3
3098,3,0,0,2,2,2,3
3099,3,0,0,2,2,3,3
3100,3,0,0,2,3,0,5
3101,3,0,0,2,3,1,3
3102,3,0,0,2,3,2,3
3103,3,0,0,2,3,3,3
3104,3,0,0,3,0,0,2
3105,3,0,0,3,0,1,4
3106,3,0,0,3,0,2,4
3107,3,0,0,3,0,3,4
3108,3,0,0,3,1,0,5
3109,3,0,0,3,1,1,3
3110,3,0,0,3,1,2,3
3111,3,0,0,3,1,3,3
3112,3,0,0,3,2,0,5
3113,3,0,0,3,2,1,3
3114,3,0,0,3,2,2,3
3115,3,0,0,3,2,3,3
3116,3,0,0,3,3,0,5
3117,3,0,0,3,3,1,3
3118,3,0,0,3,3,2,3
3119,3,0,0,3,3,3,3
3120,3,0,1,0,0,0,2
3121,3,0,1,0,0,1,1
3122,3,0,1,0,0,2,1
3123,3,0,1,0,0,3,1
3124,3,0,1,0,1,0,0
3125,3,0,1,0,1,1,1
3126,3,0,1,0,1,2,1
3127,3,0,1,0,1,3,1
3128,3,0,1,0,2,0,0
3129,3,0,1,0,2,1,1
3130,3,0,1,0,2,2,1
3131,3,0,1,0,2,3,1
3132,3,0,1,0,3,0,0
3133,3,0,1,0,3,1,1
3134,3,0,1,0,3,2,1
3135,3,0,1,0,3,3,1
3136,3,0,1,1,0,0,2
3137,3,0,1,1,0,1,1
3138,3,0,1,1,0,2,1
3139,3,0,1,1,0,3,1
3140,3,0,1,1,1,0,0
3141,3,0,1,1,1,1,1
3142,3,0,1,1,1,2,1
3143,3,0,1,1,1,3,1
3144,3,0,1,1,2,0,0
3145,3,0,1,1,2,1,1
3146,3,0,1,1,2,2,1
3147,3,0,1,1,2,3,1
3148,3,0,1,1,3,0,0
3149,3,0,1,1,3,1,1
3150,3,0,1,1,3,2,1
3151,3,0,1,1,3,3,1
3152,3,0,1,2,0,0,2
3153,3,0,1,2,0,1,1
3154,3,0,1,2,0,2,1
3155,3,0,1,2,0,3,1
3156,3,0,1,2,1,0,0
3157,3,0,1,2,1,1,1
3158,3,0,1,2,1,2,1
3159,3,0,1,2,1,3,1
3160,3,0,1,2,2,0,0
3161,3,0,1,2,2,1,1
3162,3,0,1,2,2,2,1
3163,3,0,1,2,2,3,1
3164,3,0,1,2,3,0,0
3165,3,0,1,2,3,1,1
3166,3,0,1,2,3,2,1
3167,3,0,1,2,3,3,1
3168,3,0,1,3,0,0,2
3169,3,0,1,3,0,1,1
3170,3,0,1,3,0,2,1
3171,3,0,1,3,0,3,1
3172,3,0,1,3,1,0,0
3173,3,0,1,3,1,1,1
3174,3,0,1,3,1,2,1
3175,3,0,1,3,1,3,1
3176,3,0,1,3,2,0,0
3177,3,0,1,3,2,1,1
3178,3,0,1,3,2,2,1
3179,3,0,1,3,2,3,1
3180,3,0,1,3,3,0,0
3181,3,0,1,3,3,1,1
3182,3,0,1,3,3,2,1
3183,3,0,1,3,3,3,1
3184,3,0,2,0,0,0,2
3185,3,0,2,0,0,1,4
3186,3,0,2,0,0,2,4
3187,3,0,2,0,0,3,4
3188,3,0,2,0,1,0,5
3189,3,0,2,0,1,1,3
3190,3,0,2,0,1,2,3
3191,3,0,2,0,1,3,3
3192,3,0,2,0,2,0,5
3193,3,0,2,0,2,1,3
3194,3,0,2,0,2,2,3
3195,3,0,2,0,2,3,3
3196,3,0,2,0,3,0,5
3197,3,0,2,0,3,1,3
3198,3,0,2,0,3,2,3
3199,3,0,2,0,3,3,3
3200,3,0,2,1,0,0,2
3201,3,0,2,1,0,1,4
3202,3,0,2,1,0,2,4
3203,3,0,2,1,0,3,4
3204,3,0,2,1,1,0,5
3205,3,0,2,1,1,1,3
3206,3,0,2,1,1,2,3
3207,3,0,2,1,1,3,3
3208,3,0,2,1,2,0,5
3209,3,0,2,1,2,1,3
3210,3,0,2,1,2,2,3
3211,3,0,2,1,2,3,3
3212,3,0,2,1,3,0,5
3213,3,0,2,1,3,1,3
3214,3,0,2,1,3,2,3
3215,3,0,2,1,3,3,3
3216,3,0,2,2,0,0,2
3217,3,0,2,2,0,1,4
3218,3,0,2,2,0,2,4
3219,3,0,2,2,0,3,4
3220,3,0,2,2,1,0,5
3221,3,0,2,2,1,1,3
3222,3,0,2,2,1,2,3
3223,3,0,2,2,1,3,3
3224,3,0,2,2,2,0,5
3225,3,0,2,2,2,1,3
3226,3,0,2,2,2,2,3
3227,3,0,2,2,2,3,3
3228,3,0,2,2,3,0,5
3229,3,0,2,2,3,1,3
3230,3,0,2,2,3,2,3
3231,3,0,2,2,3,3,3
3232,3,0,2,3,0,0,2
3233,3,0,2,3,0,1,4
3234,3,0,2,3,0,2,4
3235,3,0,2,3,0,3,4
3236,3,0,2,3,1,0,5
3237,3,0,2,3,1,1,3
3238,3,0,2,3,1,2,3
3239,3,0,2,3,1,3,3
3240,3,0,2,3,2,0,5
3241,3,0,2,3,2,1,3
3242,3,0,2,3,2,2,3
3243,3,0,2,3,2,3,3
3244,3,0,2,3,3,0,5
3245,3,0,2,3,3,1,3
3246,3,0,2,3,3,2,3
3247,3,0,2,3,3,3,3
3248,3,0,3,0,0,0,2
3249,3,0,3,0,0,1,4
3250,3,0,3,0,0,2,4
3251,3,0,3,0,0,3,4
3252,3,0,3,0,1,0,5
3253,3,0,3,0,1,1,3
3254,3,0,3,0,1,2,3
3255,3,0,3,0,1,3,3
3256,3,0,3,0,2,0,5
3257,3,0,3,0,2,1,3
3258,3,0,3,0,2,2,3
3259,3,0,3,0,2,3,3
3260,3,0,3,0,3,0,5
3261,3,0,3,0,3,1,3
3262,3,0,3,0,3,2,3
3263,3,0,3,0,3,3,3
3264,3,0,3,1,0,0,2
3265,3,0,3,1,0,1,4
3266,3,0,3,1,0,2,4
3267,3,0,3,1,0,3,4
3268,3,0,3,1,1,0,5
3269,3,0,3,1,1,1,3
3270,3,0,3,1,1,2,3
3271,3,0,3,1,1,3,3
3272,3,0,3,1,2,0,5
3273,3,0,3,1,2,1,3
3274,3,0,3,1,2,2,3
3275,3,0,3,1,2,3,3
3276,3,0,3,1,3,0,5
3277,3,0,3,1,3,1,3
3278,3,0,3,1,3,2,3
3279,3,0,3,1,3,3,3
3280,3,0,3,2,0,0,2
3281,3,0,3,2,0,1,4
3282,3,0,3,2,0,2,4
3283,3,0,3,2,0,3,4
3284,3,0,3,2,1,0,5
3285,3,0,3,2,1,1,3
3286,3,0,3,2,1,2,3
3287,3,0,3,2,1,3,3
3288,3,0,3,2,2,0,5
3289,3,0,3,2,2,1,3
3290,3,0,3,2,2,2,3
3291,3,0,3,2,2,3,3
3292,3,0,3,2,3,0,5
3293,3,0,3,2,3,1,3
3294,3,0,3,2,3,2,3
3295,3,0,3,2,3,3,3
3296,3,0,3,3,0,0,2
3297,3,0,3,3,0,1,4
3298,3,0,3,3,0,2,4
3299,3,0,3,3,0,3,4
3300,3,0,3,3,1,0,5
3301,3,0,3,3,1,1,3
3302,3,0,3,3,1,2,3
3303,3,0,3,3,1,3,3
3304,3,0,3,3,2,0,5
3305,3,0,3,3,2,1,3
3306,3,0,3,3,2,2,3
3307,3,0,3,3,2,3,3
3308,3,0,3,3,3,0,5
3309,3,0,3,3,3,1,3
3310,3,0,3,3,3,2,3
3311,3,0,3,3,3,3,3
3312,3,1,0,0,0,0,2
3313,3,1,0,0,0,1,4
3314,3,1,0,0,0,2,4
3315,3,1,0,0,0,3,4
3316,3,1,0,0,1,0,5
3317,3,1,0,0,1,1,3
3318,3,1,0,0,1,2,3
3319,3,1,0,0,1,3,3
3320,3,1,0,0,2,0,5
3321,3,1,0,0,2,1,3
3322,3,1,0,0,2,2,3
3323,3,1,0,0,2,3,3
3324,3,1,0,0,3,0,5
3325,3,1,0,0,3,1,3
3326,3,1,0,0,3,2,3
3327,3,1,0,0,3,3,3
3328,3,1,0,1,0,0,2
3329,3,1,0,1,0,1,4
3330,3,1,0,1,0,2,4
3331,3,1,0,1,0,3,4
3332,3,1,0,1,1,0,5
3333,3,1,0,1,1,1,3
3334,3,1,0,1,1,2,3
3335,3,1,0,1,1,3,3
3336,3,1,0,1,2,0,5
3337,3,1,0,1,2,1,3
3338,3,1,0,1,2,2,3
3339,3,1,0,1,2,3,3
3340,3,1,0,1,3,0,5
3341,3,1,0,1,3,1,3
3342,3,1,0,1,3,2,3
3343,3,1,0,1,3,3,3
3344,3,1,0,2,0,0,2
3345,3,1,0,2,0,1,4
3346,3,1,0,2,0,2,4
3347,3,1,0,2,0,3,4
3348,3,1,0,2,1,0,5
3349,3,1,0,2,1,1,3
3350,3,1,0,2,1,2,3
3351,3,1,0,2,1,3,3
3352,3,1,0,2,2,0,5
3353,3,1,0,2,2,1,3
3354,3,1,0,2,2,2,3
3355,3,1,0,2,2,3,3
3356,3,1,0,2,3,0,5
3357,3,1,0,2,3,1,3
3358,3,1,0,2,3,2,3
3359,3,1,0,2,3,3,3
3360,3,1,0,3,0,0,2
3361,3,1,0,3,0,1,4
3362,3,1,0,3,0,2,4
3363,3,1,0,3,0,3,4
3364,3,1,0,3,1,0,5
3365,3,1,0,3,1,1,3
3366,3,1,0,3,1,2,3
3367,3,1,0,3,1,3,3
3368,3,1,0,3,2,0,5
3369,3,1,0,3,2,1,3
3370,3,1,0,3,2,2,3
3371,3,1,0,3,2,3,3
3372,3,1,0,3,3,0,5
3373,3,1,0,3,3,1,3
3374,3,1,0,3,3,2,3
3375,3,1,0,3,3,3,3
3376,3,1,1,0,0,0,2
3377,3,1,1,0,0,1,4
3378,3,1,1,0,0,2,4
3379,3,1,1,0,0,3,4
3380,3,1,1,0,1,0,5
3381,3,1,1,0,1,1,3
3382,3,1,1,0,1,2,3
3383,3,1,1,0,1,3,3
3384,3,1,1,0,2,0,5
3385,3,1,1,0,2,1,3
3386,3,1,1,0,2,2,3
3387,3,1,1,0,2,3,3
3388,3,1,1,0,3,0,5
3389,3,1,1,0,3,1,3
3390,3,1,1,0,3,2,3
3391,3,1,1,0,3,3,3
3392,3,1,1,1,0,0,2
3393,3,1,1,1,0,1,4
3394,3,1,1,1,0,2,4
3395,3,1,1,1,0,3,4
3396,3,1,1,1,1,0,5
3397,3,1,1,1,1,1,3
3398,3,1,1,1,1,2,3
3399,3,1,1,1,1,3,3
3400,3,1,1,1,2,0,5
3401,3,1,1,1,2,1,3
3402,3,1,1,1,2,2,3
3403,3,1,1,1,2,3,3
3404,3,1,1,1,3,0,5
3405,3,1,1,1,3,1,3
3406,3,1,1,1,3,2,3
3407,3,1,1,1,3,3,3
3408,3,1,1,2,0,0,2
3409,3,1,1,2,0,1,4
3410,3,1,1,2,0,2,4
3411,3,1,1,2,0,3,4
3412,3,1,1,2,1,0,5
3413,3,1,1,2,1,1,3
3414,3,1,1,2,1,2,3
3415,3,1,1,2,1,3,3
3416,3,1,1,2,2,0,5
3417,3,1,1,2,2,1,3
3418,3,1,1,2,2,2,3
3419,3,1,1,2,2,3,3
3420,3,1,1,2,3,0,5
3421,3,1,1,2,3,1,3
3422,3,1,1,2,3,2,3
3423,3,1,1,2,3,3,3
3424,3,1,1,3,0,0,2
3425,3,1,1,3,0,1,4
3426,3,1,1,3,0,2,4
3427,3,1,1,3,0,3,4
3428,3,1,1,3,1,0,5
3429,3,1,1,3,1,1,3
3430,3,1,1,3,1,2,3
3431,3,1,1,3,1,3,3
3432,3,1,1,3,2,0,5
3433,3,1,1,3,2,1,3
3434,3,1,1,3,2,2,3
3435,3,1,1,3,2,3,3
3436,3,1,1,3,3,0,5
3437,3,1,1,3,3,1,3
3438,3,1,1,3,3,2,3
3439,3,1,1,3,3,3,3
3440,3,1,2,0,0,0,2
3441,3,1,2,0,0,1,4
3442,3,1,2,0,0,2,4
3443,3,1,2,0,0,3,4
3444,3,1,2,0,1,0,5
3445,3,1,2,0,1,1,3
3446,3,1,2,0,1,2,3
3447,3,1,2,0,1,3,3
3448,3,1,2,0,2,0,5
3449,3,1,2,0,2,1,3
3450,3,1,2,0,2,2,3
3451,3,1,2,0,2,3,3
3452,3,1,2,0,3,0,5
3453,3,1,2,0,3,1,3
3454,3,1,2,0,3,2,3
3455,3,1,2,0,3,3,3
3456,3,1,2,1,0,0,2
3457,3,1,2,1,0,1,4
3458,3,1,2,1,0,2,4
3459,3,1,2,1,0,3,4
3460,3,1,2,1,1,0,5
3461,3,1,2,1,1,1,3
3462,3,1,2,1,1,2,3
3463,3,1,2,1,1,3,3
3464,3,1,2,1,2,0,5
3465,3,1,2,1,2,1,3
3466,3,1,2,1,2,2,3
3467,3,1,2,1,2,3,3
3468,3,1,2,1,3,0,5
3469,3,1,2,1,3,1,3
3470,3,1,2,1,3,2,3
3471,3,1,2,1,3,3,3
3472,3,1,2,2,0,0,2
3473,3,1,2,2,0,1,4
3474,3,1,2,2,0,2,4
3475,3,1,2,2,0,3,4
3476,3,1,2,2,1,0,5
3477,3,1,2,2,1,1,3
3478,3,1,2,2,1,2,3
3479,3,1,2,2,1,3,3
3480,3,1,2,2,2,0,5
3481,3,1,2,2,2,1,3
3482,3,1,2,2,2,2,3
3483,3,1,2,2,2,3,3
3484,3,1,2,2,3,0,5
3485,3,1,2,2,3,1,3
3486,3,1,2,2,3,2,3
3487,3,1,2,2,3,3,3
3488,3,1,2,3,0,0,2
3489,3,1,2,3,0,1,4
3490,3,1,2,3,0,2,4
3491,3,1,2,3,0,3,4
3492,3,1,2,3,1,0,5
3493,3,1,2,3,1,1,3
3494,3,1,2,3,1,2,3
3495,3,1,2,3,1,3,3
3496,3,1,2,3,2,0,5
3497,3,1,2,3,2,1,3
3498,3,1,2,3,2,2,3
3499,3,1,2,3,2,3,3
3500,3,1,2,3,3,0,5
3501,3,1,2,3,3,1,3
3502,3,1,2,3,3,2,3
3503,3,1,2,3,3,3,3
3504,3,1,3,0,0,0,2
3505,3,1,3,0,0,1,4
3506,3,1,3,0,0,2,4
3507,3,1,3,0,0,3,4
3508,3,1,3,0,1,0,5
3509,3,1,3,0,1,1,3
3510,3,1,3,0,1,2,3
3511,3,1,3,0,1,3,3
3512,3,1,3,0,2,0,5
3513,3,1,3,0,2,1,3
3514,3,1,3,0,2,2,3
3515,3,1,3,0,2,3,3
3516,3,1,3,0,3,0,5
3517,3,1,3,0,3,1,3
3518,3,1,3,0,3,2,3
3519,3,1,3,0,3,3,3
3520,3,1,3,1,0,0,2
3521,3,1,3,1,0,1,4
3522,3,1,3,1,0,2,4
3523,3,1,3,1,0,3,4
3524,3,1,3,1,1,0,5
3525,3,1,3,1,1,1,3
3526,3,1,3,1,1,2,3
3527,3,1,3,1,1,3,3
3528,3,1,3,1,2,0,5
3529,3,1,3,1,2,1,3
3530,3,1,3,1,2,2,3
3531,3,1,3,1,2,3,3
3532,3,1,3,1,3,0,5
3533,3,1,3,1,3,1,3
3534,3,1,3,1,3,2,3
3535,3,1,3,1,3,3,3
3536,3,1,3,2,0,0,2
3537,3,1,3,2,0,1,4
3538,3,1,3,2,0,2,4
3539,3,1,3,2,0,3,4
3540,3,1,3,2,1,0,5
3541,3,1,3,2,1,1,3
3542,3,1,3,2,1,2,3
3543,3,1,3,2,1,3,3
3544,3,1,3,2,2,0,5
3545,3,1,3,2,2,1,3
3546,3,1,3,2,2,2,3
3547,3,1,3,2,2,3,3
3548,3,1,3,2,3,0,5
3549,3,1,3,2,3,1,3
3550,3,1,3,2,3,2,3
3551,3,1,3,2,3,3,3
3552,3,1,3,3,0,0,2
3553,3,1,3,3,0,1,4
3554,3,1,3,3,0,2,4
3555,3,1,3,3,0,3,4
3556,3,1,3,3,1,0,5
3557,3,1,3,3,1,1,3
3558,3,1,3,3,1,2,3
3559,3,1,3,3,1,3,3
3560,3,1,3,3,2,0,5
3561,3,1,3,3,2,1,3
3562,3,1,3,3,2,2,3
3563,3,1,3,3,2,3,3
3564,3,1,3,3,3,0,5
3565,3,1,3,3,3,1,3
3566,3,1,3,3,3,2,3
3567,3,1,3,3,3,3,3
3568,3,2,0,0,0,0,2
3569,3,2,0,0,0,1,4
3570,3,2,0,0,0,2,4
3571,3,2,0,0,0,3,4
3572,3,2,0,0,1,0,5
3573,3,2,0,0,1,1,3
3574,3,2,0,0,1,2,3
3575,3,2,0,0,1,3,3
3576,3,2,0,0,2,0,5
3577,3,2,0,0,2,1,3
3578,3,2,0,0,2,2,3
3579,3,2,0,0,2,3,3
3580,3,2,0,0,3,0,5
3581,3,2,0,0,3,1,3
3582,3,2,0,0,3,2,3
3583,3,2,0,0,3,3,3
3584,3,2,0,1,0,0,2
3585,3,2,0,1,0,1,4
3586,3,2,0,1,0,2,4
3587,3,2,0,1,0,3,4
3588,3,2,0,1,1,0,5
3589,3,2,0,1,1,1,3
3590,3,2,0,1,1,2,3
3591,3,2,0,1,1,3,3
3592,3,2,0,1,2,0,5
3593,3,2,0,1,2,1,3
3594,3,2,0,1,2,2,3
3595,3,2,0,1,2,3,3
3596,3,2,0,1,3,0,5
3597,3,2,0,1,3,1,3
3598,3,2,0,1,3,2,3
3599,3,2,0,1,3,3,3
3600,3,2,0,2,0,0,2
3601,3,2,0,2,0,1,4
3602,3,2,0,2,0,2,4
3603,3,2,0,2,0,3,4
3604,3,2,0,2,1,0,5
3605,3,2,0,2,1,1,3
3606,3,2,0,2,1,2,3
3607,3,2,0,2,1,3,3
3608,3,2,0,2,2,0,5
3609,3,2,0,2,2,1,3
3610,3,2,0,2,2,2,3
3611,3,2,0,2,2,3,3
3612,3,2,0,2,3,0,5
3613,3,2,0,2,3,1,3
3614,3,2,0,2,3,2,3
3615,3,2,0,2,3,3,3
3616,3,2,0,3,0,0,2
3617,3,2,0,3,0,1,4
3618,3,2,0,3,0,2,4
3619,3,2,0,3,0,3,4
3620,3,2,0,3,1,0,5
3621,3,2,0,3,1,1,3
3622,3,2,0,3,1,2,3
3623,3,2,0,3,1,3,3
3624,3,2,0,3,2,0,5
3625,3,2,0,3,2,1,3
3626,3,2,0,3,2,2,3
3627,3,2,0,3,2,3,3
3628,3,2,0,3,3,0,5
3629,3,2,0,3,3,1,3
3630,3,2,0,3,3,2,3
3631,3,2,0,3,3,3,3
3632,3,2,1,0,0,0,2
3633,3,2,1,0,0,1,4
3634,3,2,1,0,0,2,4
3635,3,2,1,0,0,3,4
3636,3,2,1,0,1,0,5
3637,3,2,1,0,1,1,3
3638,3,2,1,0,1,2,3
3639,3,2,1,0,1,3,3
3640,3,2,1,0,2,0,5
3641,3,2,1,0,2,1,3
3642,3,2,1,0,2,2,3
3643,3,2,1,0,2,3,3
3644,3,2,1,0,3,0,5
3645,3,2,1,0,3,1,3
3646,3,2,1,0,3,2,3
3647,3,2,1,0,3,3,3
3648,3,2,1,1,0,0,2
3649,3,2,1,1,0,1,4
3650,3,2,1,1,0,2,4
3651,3,2,1,1,0,3,4
3652,3,2,1,1,1,0,5
3653,3,2,1,1,1,1,3
3654,3,2,1,1,1,2,3
3655,3,2,1,1,1,3,3
3656,3,2,1,1,2,0,5
3657,3,2,1,1,2,1,3
3658,3,2,1,1,2,2,3
3659,3,2,1,1,2,3,3
3660,3,2,1,1,3,0,5
3661,3,2,1,1,3,1,3
3662,3,2,1,1,3,2,3
3663,3,2,1,1,3,3,3
3664,3,2,1,2,0,0,2
3665,3,2,1,2,0,1,4
3666,3,2,1,2,0,2,4
3667,3,2,1,2,0,3,4
3668,3,2,1,2,1,0,5
3669,3,2,1,2,1,1,3
3670,3,2,1,2,1,2,3
3671,3,2,1,2,1,3,3
3672,3,2,1,2,2,0,5
3673,3,2,1,2,2,1,3
3674,3,2,1,2,2,2,3
3675,3,2,1,2,2,3,3
3676,3,2,1,2,3,0,5
3677,3,2,1,2,3,1,3
3678,3,2,1,2,3,2,3
3679,3,2,1,2,3,3,3
3680,3,2,1,3,0,0,2
3681,3,2,1,3,0,1,4
3682,3,2,1,3,0,2,4
3683,3,2,1,3,0,3,4
3684,3,2,1,3,1,0,5
3685,3,2,1,3,1,1,3
3686,3,2,1,3,1,2,3
3687,3,2,1,3,1,3,3
3688,3,2,1,3,2,0,5
3689,3,2,1,3,2,1,3
3690,3,2,1,3,2,2,3
3691,3,2,1,3,2,3,3
3692,3,2,1,3,3,0,5
3693,3,2,1,3,3,1,3
3694,3,2,1,3,3,2,3
3695,3,2,1,3,3,3,3
3696,3,2,2,0,0,0,2
3697,3,2,2,0,0,1,4
3698,3,2,2,0,0,2,4
3699,3,2,2,0,0,3,4
3700,3,2,2,0,1,0,5
3701,3,2,2,0,1,1,3
3702,3,2,2,0,1,2,3
3703,3,2,2,0,1,3,3
3704,3,2,2,0,2,0,5
3705,3,2,2,0,2,1,3
3706,3,2,2,0,2,2,3
3707,3,2,2,0,2,3,3
3708,3,2,2,0,3,0,5
3709,3,2,2,0,3,1,3
3710,3,2,2,0,3,2,3
3711,3,2,2,0,3,3,3
3712,3,2,2,1,0,0,2
3713,3,2,2,1,0,1,4
3714,3,2,2,1,0,2,4
3715,3,2,2,1,0,3,4
3716,3,2,2,1,1,0,5
3717,3,2,2,1,1,1,3
3718,3,2,2,1,1,2,3
3719,3,2,2,1,1,3,3
3720,3,2,2,1,2,0,5
3721,3,2,2,1,2,1,3
3722,3,2,2,1,2,2,3
3723,3,2,2,1,2,3,3
3724,3,2,2,1,3,0,5
3725,3,2,2,1,3,1,3
3726,3,2,2,1,3,2,3
3727,3,2,2,1,3,3,3
3728,3,2,2,2,0,0,2
3729,3,2,2,2,0,1,4
3730,3,2,2,2,0,2,4
3731,3,2,2,2,0,3,4
3732,3,2,2,2,1,0,5
3733,3,2,2,2,1,1,3
3734,3,2,2,2,1,2,3
3735,3,2,2,2,1,3,3
3736,3,2,2,2,2,0,5
3737,3,2,2,2,2,1,3
3738,3,2,2,2,2,2,3
3739,3,2,2,2,2,3,3
3740,3,2,2,2,3,0,5
3741,3,2,2,2,3,1,3
3742,3,2,2,2,3,2,3
3743,3,2,2,2,3,3,3
3744,3,2,2,3,0,0,2
3745,3,2,2,3,0,1,4
3746,3,2,2,3,0,2,4
3747,3,2,2,3,0,3,4
3748,3,2,2,3,1,0,5
3749,3,2,2,3,1,1,3
3750,3,2,2,3,1,2,3
3751,3,2,2,3,1,3,3
3752,3,2,2,3,2,0,5
3753,3,2,2,3,2,1,3
3754,3,2,2,3,2,2,3
3755,3,2,2,3,2,3,3
3756,3,2,2,3,3,0,5
3757,3,2,2,3,3,1,3
3758,3,2,2,3,3,2,3
3759,3,2,2,3,3,3,3
3760,3,2,3,0,0,0,2
3761,3,2,3,0,0,1,4
3762,3,2,3,0,0,2,4
3763,3,2,3,0,0,3,4
3764,3,2,3,0,1,0,5
3765,3,2,3,0,1,1,3
3766,3,2,3,0,1,2,3
3767,3,2,3,0,1,3,3
3768,3,2,3,0,2,0,5
3769,3,2,3,0,2,1,3
3770,3,2,3,0,2,2,3
3771,3,2,3,0,2,3,3
3772,3,2,3,0,3,0,5
3773,3,2,3,0,3,1,3
3774,3,2,3,0,3,2,3
3775,3,2,3,0,3,3,3
3776,3,2,3,1,0,0,2
3777,3,2,3,1,0,1,4
3778,3,2,3,1,0,2,4
3779,3,2,3,1,0,3,4
3780,3,2,3,1,1,0,5
3781,3,2,3,1,1,1,3
3782,3,2,3,1,1,2,3
3783,3,2,3,1,1,3,3
3784,3,2,3,1,2,0,5
3785,3,2,3,1,2,1,3
3786,3,2,3,1,2,2,3
3787,3,2,3,1,2,3,3
3788,3,2,3,1,3,0,5
3789,3,2,3,1,3,1,3
3790,3,2,3,1,3,2,3
3791,3,2,3,1,3,3,3
3792,3,2,3,2,0,0,2
3793,3,2,3,2,0,1,4
3794,3,2,3,2,0,2,4
3795,3,2,3,2,0,3,4
3796,3,2,3,2,1,0,5
3797,3,2,3,2,1,1,3
3798,3,2,3,2,1,2,3
3799,3,2,3,2,1,3,3
3800,3,2,3,2,2,0,5
3801,3,2,3,2,2,1,3
3802,3,2,3,2,2,2,3
3803,3,2,3,2,2,3,3
3804,3,2,3,2,3,0,5
3805,3,2,3,2,3,1,3
3806,3,2,3,2,3,2,3
3807,3,2,3,2,3,3,3
3808,3,2,3,3,0,0,2
3809,3,2,3,3,0,1,4
3810,3,2,3,3,0,2,4
3811,3,2,3,3,0,3,4
3812,3,2,3,3,1,0,5
3813,3,2,3,3,1,1,3
3814,3,2,3,3,1,2,3
3815,3,2,3,3,1,3,3
3816,3,2,3,3,2,0,5
3817,3,2,3,3,2,1,3
3818,3,2,3,3,2,2,3
3819,3,2,3,3,2,3,3
3820,3,2,3,3,3,0,5
3821,3,2,3,3,3,1,3
3822,3,2,3,3,3,2,3
3823,3,2,3,3,3,3,3
3824,3,3,0,0,0,0,2
3825,3,3,0,0,0,1,4
3826,3,3,0,0,0,2,4
3827,3,3,0,0,0,3,4
3828,3,3,0,0,1,0,5
3829,3,3,0,0,1,1,3
3830,3,3,0,0,1,2,3
3831,3,3,0,0,1,3,3
3832,3,3,0,0,2,0,5
3833,3,3,0,0,2,1,3
3834,3,3,0,0,2,2,3
3835,3,3,0,0,2,3,3
3836,3,3,0,0,3,0,5
3837,3,3,0,0,3,1,3
3838,3,3,0,0,3,2,3
3839,3,3,0,0,3,3,3
3840,3,3,0,1,0,0,2
3841,3,3,0,1,0,1,4
3842,3,3,0,1,0,2,4
3843,3,3,0,1,0,3,4
3844,3,3,0,1,1,0,5
3845,3,3,0,1,1,1,3
3846,3,3,0,1,1,2,3
3847,3,3,0,1,1,3,3
3848,3,3,0,1,2,0,5
3849,3,3,0,1,2,1,3
3850,3,3,0,1,2,2,3
3851,3,3,0,1,2,3,3
3852,3,3,0,1,3,0,5
3853,3,3,0,1,3,1,3
3854,3,3,0,1,3,2,3
3855,3,3,0,1,3,3,3
3856,3,3,0,2,0,0,2
3857,3,3,0,2,0,1,4
3858,3,3,0,2,0,2,4
3859,3,3,0,2,0,3,4
3860,3,3,0,2,1,0,5
3861,3,3,0,2,1,1,3
3862,3,3,0,2,1,2,3
3863,3,3,0,2,1,3,3
3864,3,3,0,2,2,0,5
3865,3,3,0,2,2,1,3
3866,3,3,0,2,2,2,3
3867,3,3,0,2,2,3,3
3868,3,3,0,2,3,0,5
3869,3,3,0,2,3,1,3
3870,3,3,0,2,3,2,3
3871,3,3,0,2,3,3,3
3872,3,3,0,3,0,0,2
3873,3,3,0,3,0,1,4
3874,3,3,0,3,0,2,4
3875,3,3,0,3,0,3,4
3876,3,3,0,3,1,0,5
3877,3,3,0,3,1,1,3
3878,3,3,0,3,1,2,3
3879,3,3,0,3,1,3,3
3880,3,3,0,3,2,0,5
3881,3,3,0,3,2,1,3
3882,3,3,0,3,2,2,3
3883,3,3,0,3,2,3,3
3884,3,3,0,3,3,0,5
3885,3,3,0,3,3,1,3
3886,3,3,0,3,3,2,3
3887,3,3,0,3,3,3,3
3888,3,3,1,0,0,0,2
3889,3,3,1,0,0,1,4
3890,3,3,1,0,0,2,4
3891,3,3,1,0,0,3,4
3892,3,3,1,0,1,0,5
3893,3,3,1,0,1,1,3
3894,3,3,1,0,1,2,3
3895,3,3,1,0,1,3,3
3896,3,3,1,0,2,0,5
3897,3,3,1,0,2,1,3
3898,3,3,1,0,2,2,3
3899,3,3,1,0,2,3,3
3900,3,3,1,0,3,0,5
3901,3,3,1,0,3,1,3
3902,3,3,1,0,3,2,3
3903,3,3,1,0,3,3,3
3904,3,3,1,1,0,0,2
3905,3,3,1,1,0,1,4
3906,3,3,1,1,0,2,4
3907,3,3,1,1,0,3,4
3908,3,3,1,1,1,0,5
3909,3,3,1,1,1,1,3
3910,3,3,1,1,1,2,3
3911,3,3,1,1,1,3,3
3912,3,3,1,1,2,0,5
3913,3,3,1,1,2,1,3
3914,3,3,1,1,2,2,3
3915,3,3,1,1,2,3,3
3916,3,3,1,1,3,0,5
3917,3,3,1,1,3,1,3
3918,3,3,1,1,3,2,3
3919,3,3,1,1,3,3,3
3920,3,3,1,2,0,0,2
3921,3,3,1,2,0,1,4
3922,3,3,1,2,0,2,4
3923,3,3,1,2,0,3,4
3924,3,3,1,2,1,0,5
3925,3,3,1,2,1,1,3
3926,3,3,1,2,1,2,3
3927,3,3,1,2,1,3,3
3928,3,3,1,2,2,0,5
3929,3,3,1,2,2,1,3
3930,3,3,1,2,2,2,3
3931,3,3,1,2,2,3,3
3932,3,3,1,2,3,0,5
3933,3,3,1,2,3,1,3
3934,3,3,1,2,3,2,3
3935,3,3,1,2,3,3,3
3936,3,3,1,3,0,0,2
3937,3,3,1,3,0,1,4
3938,3,3,1,3,0,2,4
3939,3,3,1,3,0,3,4
3940,3,3,1,3,1,0,5
3941,3,3,1,3,1,1,3
3942,3,3,1,3,1,2,3
3943,3,3,1,3,1,3,3
3944,3,3,1,3,2,0,5
3945,3,3,1,3,2,1,3
3946,3,3,1,3,2,2,3
3947,3,3,1,3,2,3,3
3948,3,3,1,3,3,0,5
3949,3,3,1,3,3,1,3
3950,3,3,1,3,3,2,3
3951,3,3,1,3,3,3,3
3952,3,3,2,0,0,0,2
3953,3,3,2,0,0,1,4
3954,3,3,2,0,0,2,4
3955,3,3,2,0,0,3,4
3956,3,3,2,0,1,0,5
3957,3,3,2,0,1,1,3
3958,3,3,2,0,1,2,3
3959,3,3,2,0,1,3,3
3960,3,3,2,0,2,0,5
3961,3,3,2,0,2,1,3
3962,3,3,2,0,2,2,3
3963,3,3,2,0,2,3,3
3964,3,3,2,0,3,0,5
3965,3,3,2,0,3,1,3
3966,3,3,2,0,3,2,3
3967,3,3,2,0,3,3,3
3968,3,3,2,1,0,0,2
3969,3,3,2,1,0,1,4
3970,3,3,2,1,0,2,4
3971,3,3,2,1,0,3,4
3972,3,3,2,1,1,0,5
3973,3,3,2,1,1,1,3
3974,3,3,2,1,1,2,3
3975,3,3,2,1,1,3,3
3976,3,3,2,1,2,0,5
3977,3,3,2,1,2,1,3
3978,3,3,2,1,2,2,3
3979,3,3,2,1,2,3,3
3980,3,3,2,1,3,0,5
3981,3,3,2,1,3,1,3
3982,3,3,2,1,3,2,3
3983,3,3,2,1,3,3,3
3984,3,3,2,2,0,0,2
3985,3,3,2,2,0,1,4
3986,3,3,2,2,0,2,4
3987,3,3,2,2,0,3,4
3988,3,3,2,2,1,0,5
3989,3,3,2,2,1,1,3
3990,3,3,2,2,1,2,3
3991,3,3,2,2,1,3,3
3992,3,3,2,2,2,0,5
3993,3,3,2,2,2,1,3
3994,3,3,2,2,2,2,3
3995,3,3,2,2,2,3,3
3996,3,3,2,2,3,0,5
3997,3,3,2,2,3,1,3
3998,3,3,2,2,3,2,3
3999,3,3,2,2,3,3,3
4000,3,3,2,3,0,0,2
4001,3,3,2,3,0,1,4
4002,3,3,2,3,0,2,4
4003,3,3,2,3,0,3,4
4004,3,3,2,3,1,0,5
4005,3,3,2,3,1,1,3
4006,3,3,2,3,1,2,3
4007,3,3,2,3,1,3,3
4008,3,3,2,3,2,0,5
4009,3,3,2,3,2,1,3
4010,3,3,2,3,2,2,3
4011,3,3,2,3,2,3,3
4012,3,3,2,3,3,0,5
4013,3,3,2,3,3,1,3
4014,3,3,2,3,3,2,3
4015,3,3,2,3,3,3,3
4016,3,3,3,0,0,0,2
4017,3,3,3,0,0,1,4
4018,3,3,3,0,0,2,4
4019,3,3,3,0,0,3,4
4020,3,3,3,0,1,0,5
4021,3,3,3,0,1,1,3
4022,3,3,3,0,1,2,3
4023,3,3,3,0,1,3,3
4024,3,3,3,0,2,0,5
4025,3,3,3,0,2,1,3
4026,3,3,3,0,2,2,3
4027,3,3,3,0,2,3,3
4028,3,3,3,0,3,0,5
4029,3,3,3,0,3,1,3
4030,3,3,3,0,3,2,3
4031,3,3,3,0,3,3,3
4032,3,3,3,1,0,0,2
4033,3,3,3,1,0,1,4
4034,3,3,3,1,0,2,4
4035,3,3,3,1,0,3,4
4036,3,3,3,1,1,0,5
4037,3,3,3,1,1,1,3
4038,3,3,3,1,1,2,3
4039,3,3,3,1,1,3,3
4040,3,3,3,1,2,0,5
4041,3,3,3,1,2,1,3
4042,3,3,3,1,2,2,3
4043,3,3,3,1,2,3,3
4044,3,3,3,1,3,0,5
4045,3,3,3,1,3,1,3
4046,3,3,3,1,3,2,3
4047,3,3,3,1,3,3,3
4048,3,3,3,2,0,0,2
4049,3,3,3,2,0,1,4
4050,3,3,3,2,0,2,4
4051,3,3,3,2,0,3,4
4052,3,3,3,2,1,0,5
4053,3,3,3,2,1,1,3
4054,3,3,3,2,1,2,3
4055,3,3,3,2,1,3,3
4056,3,3,3,2,2,0,5
4057,3,3,3,2,2,1,3
4058,3,3,3,2,2,2,3
4059,3,3,3,2,2,3,3
4060,3,3,3,2,3,0,5
4061,3,3,3,2,3,1,3
4062,3,3,3,2,3,2,3
4063,3,3,3,2,3,3,3
4064,3,3,3,3,0,0,2
4065,3,3,3,3,0,1,4
4066,3,3,3,3,0,2,4
4067,3,3,3,3,0,3,4
4068,3,3,3,3,1,0,5
4069,3,3,3,3,1,1,3
4070,3,3,3,3,1,2,3
4071,3,3,3,3,1,3,3
4072,3,3,3,3,2,0,5
4073,3,3,3,3,2,1,3
4074,3,3,3,3,2,2,3
4075,3,3,3,3,2,3,3
4076,3,3,3,3,3,0,5
4077,3,3,3,3,3,1,3
4078,3,3,3,3,3,2,3
4079,3,3,3,3,3,3,3
