,ev_ammount,aa_ammount,atgm_ammount,cl_shells_ammount,u_shells_ammount,fpv_shells_ammount,descision
0,0,1,0,0,0,0,4
1,0,1,0,0,0,1,3
2,0,1,0,0,0,2,3
3,0,1,0,0,0,3,3
4,0,1,0,0,1,0,4
5,0,1,0,0,1,1,3
6,0,1,0,0,1,2,3
7,0,1,0,0,1,3,3
8,0,1,0,0,2,0,2
9,0,1,0,0,2,1,3
10,0,1,0,0,2,2,3
11,0,1,0,0,2,3,3
12,0,1,0,0,3,0,2
13,0,1,0,0,3,1,3
14,0,1,0,0,3,2,3
15,0,1,0,0,3,3,3
16,0,1,0,1,0,0,4
17,0,1,0,1,0,1,3
18,0,1,0,1,0,2,3
19,0,1,0,1,0,3,3
20,0,1,0,1,1,0,4
21,0,1,0,1,1,1,3
22,0,1,0,1,1,2,3
23,0,1,0,1,1,3,3
24,0,1,0,1,2,0,2
25,0,1,0,1,2,1,2
26,0,1,0,1,2,2,2
27,0,1,0,1,2,3,3
28,0,1,0,1,3,0,2
29,0,1,0,1,3,1,2
30,0,1,0,1,3,2,2
31,0,1,0,1,3,3,2
32,0,1,0,2,0,0,1
33,0,1,0,2,0,1,1
34,0,1,0,2,0,2,1
35,0,1,0,2,0,3,3
36,0,1,0,2,1,0,1
37,0,1,0,2,1,1,1
38,0,1,0,2,1,2,1
39,0,1,0,2,1,3,3
40,0,1,0,2,2,0,2
41,0,1,0,2,2,1,2
42,0,1,0,2,2,2,2
43,0,1,0,2,2,3,3
44,0,1,0,2,3,0,2
45,0,1,0,2,3,1,2
46,0,1,0,2,3,2,2
47,0,1,0,2,3,3,2
48,0,1,0,3,0,0,1
49,0,1,0,3,0,1,1
50,0,1,0,3,0,2,1
51,0,1,0,3,0,3,3
52,0,1,0,3,1,0,1
53,0,1,0,3,1,1,1
54,0,1,0,3,1,2,1
55,0,1,0,3,1,3,3
56,0,1,0,3,2,0,1
57,0,1,0,3,2,1,1
58,0,1,0,3,2,2,1
59,0,1,0,3,2,3,1
60,0,1,0,3,3,0,1
61,0,1,0,3,3,1,1
62,0,1,0,3,3,2,1
63,0,1,0,3,3,3,3
64,0,1,1,0,0,0,0
65,0,1,1,0,0,1,0
66,0,1,1,0,0,2,0
67,0,1,1,0,0,3,3
68,0,1,1,0,1,0,0
69,0,1,1,0,1,1,0
70,0,1,1,0,1,2,0
71,0,1,1,0,1,3,3
72,0,1,1,0,2,0,0
73,0,1,1,0,2,1,0
74,0,1,1,0,2,2,0
75,0,1,1,0,2,3,3
76,0,1,1,0,3,0,0
77,0,1,1,0,3,1,0
78,0,1,1,0,3,2,0
79,0,1,1,0,3,3,3
80,0,1,1,1,0,0,0
81,0,1,1,1,0,1,0
82,0,1,1,1,0,2,0
83,0,1,1,1,0,3,3
84,0,1,1,1,1,0,0
85,0,1,1,1,1,1,3
86,0,1,1,1,1,2,3
87,0,1,1,1,1,3,3
88,0,1,1,1,2,0,0
89,0,1,1,1,2,1,0
90,0,1,1,1,2,2,0
91,0,1,1,1,2,3,3
92,0,1,1,1,3,0,0
93,0,1,1,1,3,1,0
94,0,1,1,1,3,2,0
95,0,1,1,1,3,3,3
96,0,1,1,2,0,0,0
97,0,1,1,2,0,1,0
98,0,1,1,2,0,2,0
99,0,1,1,2,0,3,3
100,0,1,1,2,1,0,0
101,0,1,1,2,1,1,0
102,0,1,1,2,1,2,0
103,0,1,1,2,1,3,3
104,0,1,1,2,2,0,0
105,0,1,1,2,2,1,0
106,0,1,1,2,2,2,0
107,0,1,1,2,2,3,3
108,0,1,1,2,3,0,0
109,0,1,1,2,3,1,0
110,0,1,1,2,3,2,0
111,0,1,1,2,3,3,3
112,0,1,1,3,0,0,0
113,0,1,1,3,0,1,0
114,0,1,1,3,0,2,0
115,0,1,1,3,0,3,3
116,0,1,1,3,1,0,0
117,0,1,1,3,1,1,0
118,0,1,1,3,1,2,0
119,0,1,1,3,1,3,3
120,0,1,1,3,2,0,0
121,0,1,1,3,2,1,0
122,0,1,1,3,2,2,0
123,0,1,1,3,2,3,3
124,0,1,1,3,3,0,0
125,0,1,1,3,3,1,0
126,0,1,1,3,3,2,0
127,0,1,1,3,3,3,3
128,0,1,2,0,0,0,0
129,0,1,2,0,0,1,0
130,0,1,2,0,0,2,0
131,0,1,2,0,0,3,3
132,0,1,2,0,1,0,0
133,0,1,2,0,1,1,0
134,0,1,2,0,1,2,0
135,0,1,2,0,1,3,3
136,0,1,2,0,2,0,0
137,0,1,2,0,2,1,0
138,0,1,2,0,2,2,0
139,0,1,2,0,2,3,3
140,0,1,2,0,3,0,0
141,0,1,2,0,3,1,0
142,0,1,2,0,3,2,0
143,0,1,2,0,3,3,3
144,0,1,2,1,0,0,0
145,0,1,2,1,0,1,0
146,0,1,2,1,0,2,0
147,0,1,2,1,0,3,3
148,0,1,2,1,1,0,0
149,0,1,2,1,1,1,3
150,0,1,2,1,1,2,3
151,0,1,2,1,1,3,3
152,0,1,2,1,2,0,0
153,0,1,2,1,2,1,0
154,0,1,2,1,2,2,0
155,0,1,2,1,2,3,3
156,0,1,2,1,3,0,0
157,0,1,2,1,3,1,0
158,0,1,2,1,3,2,0
159,0,1,2,1,3,3,3
160,0,1,2,2,0,0,0
161,0,1,2,2,0,1,0
162,0,1,2,2,0,2,0
163,0,1,2,2,0,3,3
164,0,1,2,2,1,0,0
165,0,1,2,2,1,1,0
166,0,1,2,2,1,2,0
167,0,1,2,2,1,3,3
168,0,1,2,2,2,0,0
169,0,1,2,2,2,1,0
170,0,1,2,2,2,2,0
171,0,1,2,2,2,3,3
172,0,1,2,2,3,0,0
173,0,1,2,2,3,1,0
174,0,1,2,2,3,2,0
175,0,1,2,2,3,3,3
176,0,1,2,3,0,0,0
177,0,1,2,3,0,1,0
178,0,1,2,3,0,2,0
179,0,1,2,3,0,3,3
180,0,1,2,3,1,0,0
181,0,1,2,3,1,1,0
182,0,1,2,3,1,2,0
183,0,1,2,3,1,3,3
184,0,1,2,3,2,0,0
185,0,1,2,3,2,1,0
186,0,1,2,3,2,2,0
187,0,1,2,3,2,3,3
188,0,1,2,3,3,0,0
189,0,1,2,3,3,1,0
190,0,1,2,3,3,2,0
191,0,1,2,3,3,3,3
192,0,1,3,0,0,0,0
193,0,1,3,0,0,1,0
194,0,1,3,0,0,2,0
195,0,1,3,0,0,3,3
196,0,1,3,0,1,0,0
197,0,1,3,0,1,1,0
198,0,1,3,0,1,2,0
199,0,1,3,0,1,3,3
200,0,1,3,0,2,0,0
201,0,1,3,0,2,1,0
202,0,1,3,0,2,2,0
203,0,1,3,0,2,3,3
204,0,1,3,0,3,0,0
205,0,1,3,0,3,1,0
206,0,1,3,0,3,2,0
207,0,1,3,0,3,3,3
208,0,1,3,1,0,0,0
209,0,1,3,1,0,1,0
210,0,1,3,1,0,2,0
211,0,1,3,1,0,3,3
212,0,1,3,1,1,0,0
213,0,1,3,1,1,1,3
214,0,1,3,1,1,2,3
215,0,1,3,1,1,3,3
216,0,1,3,1,2,0,0
217,0,1,3,1,2,1,0
218,0,1,3,1,2,2,0
219,0,1,3,1,2,3,3
220,0,1,3,1,3,0,0
221,0,1,3,1,3,1,0
222,0,1,3,1,3,2,0
223,0,1,3,1,3,3,3
224,0,1,3,2,0,0,0
225,0,1,3,2,0,1,0
226,0,1,3,2,0,2,0
227,0,1,3,2,0,3,3
228,0,1,3,2,1,0,0
229,0,1,3,2,1,1,0
230,0,1,3,2,1,2,0
231,0,1,3,2,1,3,3
232,0,1,3,2,2,0,0
233,0,1,3,2,2,1,0
234,0,1,3,2,2,2,0
235,0,1,3,2,2,3,3
236,0,1,3,2,3,0,0
237,0,1,3,2,3,1,0
238,0,1,3,2,3,2,0
239,0,1,3,2,3,3,3
240,0,1,3,3,0,0,0
241,0,1,3,3,0,1,0
242,0,1,3,3,0,2,0
243,0,1,3,3,0,3,3
244,0,1,3,3,1,0,0
245,0,1,3,3,1,1,0
246,0,1,3,3,1,2,0
247,0,1,3,3,1,3,3
248,0,1,3,3,2,0,0
249,0,1,3,3,2,1,0
250,0,1,3,3,2,2,0
251,0,1,3,3,2,3,3
252,0,1,3,3,3,0,0
253,0,1,3,3,3,1,0
254,0,1,3,3,3,2,0
255,0,1,3,3,3,3,3
256,0,2,0,0,0,0,4
257,0,2,0,0,0,1,3
258,0,2,0,0,0,2,3
259,0,2,0,0,0,3,3
260,0,2,0,0,1,0,4
261,0,2,0,0,1,1,3
262,0,2,0,0,1,2,3
263,0,2,0,0,1,3,3
264,0,2,0,0,2,0,2
265,0,2,0,0,2,1,3
266,0,2,0,0,2,2,3
267,0,2,0,0,2,3,3
268,0,2,0,0,3,0,2
269,0,2,0,0,3,1,3
270,0,2,0,0,3,2,3
271,0,2,0,0,3,3,3
272,0,2,0,1,0,0,4
273,0,2,0,1,0,1,3
274,0,2,0,1,0,2,3
275,0,2,0,1,0,3,3
276,0,2,0,1,1,0,4
277,0,2,0,1,1,1,3
278,0,2,0,1,1,2,3
279,0,2,0,1,1,3,3
280,0,2,0,1,2,0,2
281,0,2,0,1,2,1,2
282,0,2,0,1,2,2,2
283,0,2,0,1,2,3,3
284,0,2,0,1,3,0,2
285,0,2,0,1,3,1,2
286,0,2,0,1,3,2,2
287,0,2,0,1,3,3,2
288,0,2,0,2,0,0,1
289,0,2,0,2,0,1,1
290,0,2,0,2,0,2,1
291,0,2,0,2,0,3,3
292,0,2,0,2,1,0,1
293,0,2,0,2,1,1,1
294,0,2,0,2,1,2,1
295,0,2,0,2,1,3,3
296,0,2,0,2,2,0,2
297,0,2,0,2,2,1,2
298,0,2,0,2,2,2,2
299,0,2,0,2,2,3,3
300,0,2,0,2,3,0,2
301,0,2,0,2,3,1,2
302,0,2,0,2,3,2,2
303,0,2,0,2,3,3,2
304,0,2,0,3,0,0,1
305,0,2,0,3,0,1,1
306,0,2,0,3,0,2,1
307,0,2,0,3,0,3,3
308,0,2,0,3,1,0,1
309,0,2,0,3,1,1,1
310,0,2,0,3,1,2,1
311,0,2,0,3,1,3,3
312,0,2,0,3,2,0,1
313,0,2,0,3,2,1,1
314,0,2,0,3,2,2,1
315,0,2,0,3,2,3,1
316,0,2,0,3,3,0,1
317,0,2,0,3,3,1,1
318,0,2,0,3,3,2,1
319,0,2,0,3,3,3,3
320,0,2,1,0,0,0,0
321,0,2,1,0,0,1,0
322,0,2,1,0,0,2,0
323,0,2,1,0,0,3,3
324,0,2,1,0,1,0,0
325,0,2,1,0,1,1,0
326,0,2,1,0,1,2,0
327,0,2,1,0,1,3,3
328,0,2,1,0,2,0,0
329,0,2,1,0,2,1,0
330,0,2,1,0,2,2,0
331,0,2,1,0,2,3,3
332,0,2,1,0,3,0,0
333,0,2,1,0,3,1,0
334,0,2,1,0,3,2,0
335,0,2,1,0,3,3,3
336,0,2,1,1,0,0,0
337,0,2,1,1,0,1,0
338,0,2,1,1,0,2,0
339,0,2,1,1,0,3,3
340,0,2,1,1,1,0,0
341,0,2,1,1,1,1,3
342,0,2,1,1,1,2,3
343,0,2,1,1,1,3,3
344,0,2,1,1,2,0,0
345,0,2,1,1,2,1,0
346,0,2,1,1,2,2,0
347,0,2,1,1,2,3,3
348,0,2,1,1,3,0,0
349,0,2,1,1,3,1,0
350,0,2,1,1,3,2,0
351,0,2,1,1,3,3,3
352,0,2,1,2,0,0,0
353,0,2,1,2,0,1,0
354,0,2,1,2,0,2,0
355,0,2,1,2,0,3,3
356,0,2,1,2,1,0,0
357,0,2,1,2,1,1,0
358,0,2,1,2,1,2,0
359,0,2,1,2,1,3,3
360,0,2,1,2,2,0,0
361,0,2,1,2,2,1,0
362,0,2,1,2,2,2,0
363,0,2,1,2,2,3,3
364,0,2,1,2,3,0,0
365,0,2,1,2,3,1,0
366,0,2,1,2,3,2,0
367,0,2,1,2,3,3,3
368,0,2,1,3,0,0,0
369,0,2,1,3,0,1,0
370,0,2,1,3,0,2,0
371,0,2,1,3,0,3,3
372,0,2,1,3,1,0,0
373,0,2,1,3,1,1,0
374,0,2,1,3,1,2,0
375,0,2,1,3,1,3,3
376,0,2,1,3,2,0,0
377,0,2,1,3,2,1,0
378,0,2,1,3,2,2,0
379,0,2,1,3,2,3,3
380,0,2,1,3,3,0,0
381,0,2,1,3,3,1,0
382,0,2,1,3,3,2,0
383,0,2,1,3,3,3,3
384,0,2,2,0,0,0,0
385,0,2,2,0,0,1,0
386,0,2,2,0,0,2,0
387,0,2,2,0,0,3,3
388,0,2,2,0,1,0,0
389,0,2,2,0,1,1,0
390,0,2,2,0,1,2,0
391,0,2,2,0,1,3,3
392,0,2,2,0,2,0,0
393,0,2,2,0,2,1,0
394,0,2,2,0,2,2,0
395,0,2,2,0,2,3,3
396,0,2,2,0,3,0,0
397,0,2,2,0,3,1,0
398,0,2,2,0,3,2,0
399,0,2,2,0,3,3,3
400,0,2,2,1,0,0,0
401,0,2,2,1,0,1,0
402,0,2,2,1,0,2,0
403,0,2,2,1,0,3,3
404,0,2,2,1,1,0,0
405,0,2,2,1,1,1,3
406,0,2,2,1,1,2,3
407,0,2,2,1,1,3,3
408,0,2,2,1,2,0,0
409,0,2,2,1,2,1,0
410,0,2,2,1,2,2,0
411,0,2,2,1,2,3,3
412,0,2,2,1,3,0,0
413,0,2,2,1,3,1,0
414,0,2,2,1,3,2,0
415,0,2,2,1,3,3,3
416,0,2,2,2,0,0,0
417,0,2,2,2,0,1,0
418,0,2,2,2,0,2,0
419,0,2,2,2,0,3,3
420,0,2,2,2,1,0,0
421,0,2,2,2,1,1,0
422,0,2,2,2,1,2,0
423,0,2,2,2,1,3,3
424,0,2,2,2,2,0,0
425,0,2,2,2,2,1,0
426,0,2,2,2,2,2,0
427,0,2,2,2,2,3,3
428,0,2,2,2,3,0,0
429,0,2,2,2,3,1,0
430,0,2,2,2,3,2,0
431,0,2,2,2,3,3,3
432,0,2,2,3,0,0,0
433,0,2,2,3,0,1,0
434,0,2,2,3,0,2,0
435,0,2,2,3,0,3,3
436,0,2,2,3,1,0,0
437,0,2,2,3,1,1,0
438,0,2,2,3,1,2,0
439,0,2,2,3,1,3,3
440,0,2,2,3,2,0,0
441,0,2,2,3,2,1,0
442,0,2,2,3,2,2,0
443,0,2,2,3,2,3,3
444,0,2,2,3,3,0,0
445,0,2,2,3,3,1,0
446,0,2,2,3,3,2,0
447,0,2,2,3,3,3,3
448,0,2,3,0,0,0,0
449,0,2,3,0,0,1,0
450,0,2,3,0,0,2,0
451,0,2,3,0,0,3,3
452,0,2,3,0,1,0,0
453,0,2,3,0,1,1,0
454,0,2,3,0,1,2,0
455,0,2,3,0,1,3,3
456,0,2,3,0,2,0,0
457,0,2,3,0,2,1,0
458,0,2,3,0,2,2,0
459,0,2,3,0,2,3,3
460,0,2,3,0,3,0,0
461,0,2,3,0,3,1,0
462,0,2,3,0,3,2,0
463,0,2,3,0,3,3,3
464,0,2,3,1,0,0,0
465,0,2,3,1,0,1,0
466,0,2,3,1,0,2,0
467,0,2,3,1,0,3,3
468,0,2,3,1,1,0,0
469,0,2,3,1,1,1,3
470,0,2,3,1,1,2,3
471,0,2,3,1,1,3,3
472,0,2,3,1,2,0,0
473,0,2,3,1,2,1,0
474,0,2,3,1,2,2,0
475,0,2,3,1,2,3,3
476,0,2,3,1,3,0,0
477,0,2,3,1,3,1,0
478,0,2,3,1,3,2,0
479,0,2,3,1,3,3,3
480,0,2,3,2,0,0,0
481,0,2,3,2,0,1,0
482,0,2,3,2,0,2,0
483,0,2,3,2,0,3,3
484,0,2,3,2,1,0,0
485,0,2,3,2,1,1,0
486,0,2,3,2,1,2,0
487,0,2,3,2,1,3,3
488,0,2,3,2,2,0,0
489,0,2,3,2,2,1,0
490,0,2,3,2,2,2,0
491,0,2,3,2,2,3,3
492,0,2,3,2,3,0,0
493,0,2,3,2,3,1,0
494,0,2,3,2,3,2,0
495,0,2,3,2,3,3,3
496,0,2,3,3,0,0,0
497,0,2,3,3,0,1,0
498,0,2,3,3,0,2,0
499,0,2,3,3,0,3,3
500,0,2,3,3,1,0,0
501,0,2,3,3,1,1,0
502,0,2,3,3,1,2,0
503,0,2,3,3,1,3,3
504,0,2,3,3,2,0,0
505,0,2,3,3,2,1,0
506,0,2,3,3,2,2,0
507,0,2,3,3,2,3,3
508,0,2,3,3,3,0,0
509,0,2,3,3,3,1,0
510,0,2,3,3,3,2,0
511,0,2,3,3,3,3,3
512,0,3,0,0,0,0,4
513,0,3,0,0,0,1,3
514,0,3,0,0,0,2,3
515,0,3,0,0,0,3,3
516,0,3,0,0,1,0,2
517,0,3,0,0,1,1,2
518,0,3,0,0,1,2,2
519,0,3,0,0,1,3,2
520,0,3,0,0,2,0,2
521,0,3,0,0,2,1,2
522,0,3,0,0,2,2,2
523,0,3,0,0,2,3,2
524,0,3,0,0,3,0,2
525,0,3,0,0,3,1,2
526,0,3,0,0,3,2,2
527,0,3,0,0,3,3,2
528,0,3,0,1,0,0,1
529,0,3,0,1,0,1,1
530,0,3,0,1,0,2,1
531,0,3,0,1,0,3,1
532,0,3,0,1,1,0,1
533,0,3,0,1,1,1,1
534,0,3,0,1,1,2,1
535,0,3,0,1,1,3,1
536,0,3,0,1,2,0,2
537,0,3,0,1,2,1,2
538,0,3,0,1,2,2,2
539,0,3,0,1,2,3,3
540,0,3,0,1,3,0,2
541,0,3,0,1,3,1,2
542,0,3,0,1,3,2,2
543,0,3,0,1,3,3,2
544,0,3,0,2,0,0,1
545,0,3,0,2,0,1,1
546,0,3,0,2,0,2,1
547,0,3,0,2,0,3,1
548,0,3,0,2,1,0,1
549,0,3,0,2,1,1,1
550,0,3,0,2,1,2,1
551,0,3,0,2,1,3,1
552,0,3,0,2,2,0,2
553,0,3,0,2,2,1,2
554,0,3,0,2,2,2,2
555,0,3,0,2,2,3,2
556,0,3,0,2,3,0,2
557,0,3,0,2,3,1,2
558,0,3,0,2,3,2,2
559,0,3,0,2,3,3,2
560,0,3,0,3,0,0,1
561,0,3,0,3,0,1,1
562,0,3,0,3,0,2,1
563,0,3,0,3,0,3,1
564,0,3,0,3,1,0,1
565,0,3,0,3,1,1,1
566,0,3,0,3,1,2,1
567,0,3,0,3,1,3,1
568,0,3,0,3,2,0,1
569,0,3,0,3,2,1,1
570,0,3,0,3,2,2,1
571,0,3,0,3,2,3,1
572,0,3,0,3,3,0,1
573,0,3,0,3,3,1,1
574,0,3,0,3,3,2,1
575,0,3,0,3,3,3,1
576,0,3,1,0,0,0,0
577,0,3,1,0,0,1,0
578,0,3,1,0,0,2,3
579,0,3,1,0,0,3,3
580,0,3,1,0,1,0,2
581,0,3,1,0,1,1,2
582,0,3,1,0,1,2,2
583,0,3,1,0,1,3,2
584,0,3,1,0,2,0,2
585,0,3,1,0,2,1,2
586,0,3,1,0,2,2,2
587,0,3,1,0,2,3,2
588,0,3,1,0,3,0,2
589,0,3,1,0,3,1,2
590,0,3,1,0,3,2,2
591,0,3,1,0,3,3,2
592,0,3,1,1,0,0,1
593,0,3,1,1,0,1,1
594,0,3,1,1,0,2,1
595,0,3,1,1,0,3,1
596,0,3,1,1,1,0,2
597,0,3,1,1,1,1,2
598,0,3,1,1,1,2,2
599,0,3,1,1,1,3,2
600,0,3,1,1,2,0,2
601,0,3,1,1,2,1,2
602,0,3,1,1,2,2,2
603,0,3,1,1,2,3,2
604,0,3,1,1,3,0,1
605,0,3,1,1,3,1,1
606,0,3,1,1,3,2,1
607,0,3,1,1,3,3,1
608,0,3,1,2,0,0,1
609,0,3,1,2,0,1,1
610,0,3,1,2,0,2,1
611,0,3,1,2,0,3,1
612,0,3,1,2,1,0,1
613,0,3,1,2,1,1,1
614,0,3,1,2,1,2,1
615,0,3,1,2,1,3,1
616,0,3,1,2,2,0,1
617,0,3,1,2,2,1,1
618,0,3,1,2,2,2,1
619,0,3,1,2,2,3,1
620,0,3,1,2,3,0,2
621,0,3,1,2,3,1,2
622,0,3,1,2,3,2,2
623,0,3,1,2,3,3,2
624,0,3,1,3,0,0,1
625,0,3,1,3,0,1,1
626,0,3,1,3,0,2,1
627,0,3,1,3,0,3,1
628,0,3,1,3,1,0,1
629,0,3,1,3,1,1,1
630,0,3,1,3,1,2,1
631,0,3,1,3,1,3,1
632,0,3,1,3,2,0,1
633,0,3,1,3,2,1,1
634,0,3,1,3,2,2,1
635,0,3,1,3,2,3,1
636,0,3,1,3,3,0,1
637,0,3,1,3,3,1,1
638,0,3,1,3,3,2,1
639,0,3,1,3,3,3,1
640,0,3,2,0,0,0,0
641,0,3,2,0,0,1,0
642,0,3,2,0,0,2,3
643,0,3,2,0,0,3,3
644,0,3,2,0,1,0,2
645,0,3,2,0,1,1,2
646,0,3,2,0,1,2,2
647,0,3,2,0,1,3,2
648,0,3,2,0,2,0,2
649,0,3,2,0,2,1,2
650,0,3,2,0,2,2,2
651,0,3,2,0,2,3,2
652,0,3,2,0,3,0,2
653,0,3,2,0,3,1,2
654,0,3,2,0,3,2,2
655,0,3,2,0,3,3,2
656,0,3,2,1,0,0,1
657,0,3,2,1,0,1,1
658,0,3,2,1,0,2,1
659,0,3,2,1,0,3,1
660,0,3,2,1,1,0,2
661,0,3,2,1,1,1,2
662,0,3,2,1,1,2,2
663,0,3,2,1,1,3,2
664,0,3,2,1,2,0,2
665,0,3,2,1,2,1,2
666,0,3,2,1,2,2,2
667,0,3,2,1,2,3,2
668,0,3,2,1,3,0,1
669,0,3,2,1,3,1,1
670,0,3,2,1,3,2,1
671,0,3,2,1,3,3,1
672,0,3,2,2,0,0,1
673,0,3,2,2,0,1,1
674,0,3,2,2,0,2,1
675,0,3,2,2,0,3,1
676,0,3,2,2,1,0,1
677,0,3,2,2,1,1,1
678,0,3,2,2,1,2,1
679,0,3,2,2,1,3,1
680,0,3,2,2,2,0,1
681,0,3,2,2,2,1,1
682,0,3,2,2,2,2,1
683,0,3,2,2,2,3,1
684,0,3,2,2,3,0,2
685,0,3,2,2,3,1,2
686,0,3,2,2,3,2,2
687,0,3,2,2,3,3,2
688,0,3,2,3,0,0,1
689,0,3,2,3,0,1,1
690,0,3,2,3,0,2,1
691,0,3,2,3,0,3,1
692,0,3,2,3,1,0,1
693,0,3,2,3,1,1,1
694,0,3,2,3,1,2,1
695,0,3,2,3,1,3,1
696,0,3,2,3,2,0,1
697,0,3,2,3,2,1,1
698,0,3,2,3,2,2,1
699,0,3,2,3,2,3,1
700,0,3,2,3,3,0,1
701,0,3,2,3,3,1,1
702,0,3,2,3,3,2,1
703,0,3,2,3,3,3,1
704,0,3,3,0,0,0,0
705,0,3,3,0,0,1,0
706,0,3,3,0,0,2,3
707,0,3,3,0,0,3,3
708,0,3,3,0,1,0,2
709,0,3,3,0,1,1,2
710,0,3,3,0,1,2,2
711,0,3,3,0,1,3,2
712,0,3,3,0,2,0,2
713,0,3,3,0,2,1,2
714,0,3,3,0,2,2,2
715,0,3,3,0,2,3,2
716,0,3,3,0,3,0,2
717,0,3,3,0,3,1,2
718,0,3,3,0,3,2,2
719,0,3,3,0,3,3,2
720,0,3,3,1,0,0,1
721,0,3,3,1,0,1,1
722,0,3,3,1,0,2,1
723,0,3,3,1,0,3,1
724,0,3,3,1,1,0,2
725,0,3,3,1,1,1,2
726,0,3,3,1,1,2,2
727,0,3,3,1,1,3,2
728,0,3,3,1,2,0,2
729,0,3,3,1,2,1,2
730,0,3,3,1,2,2,2
731,0,3,3,1,2,3,2
732,0,3,3,1,3,0,1
733,0,3,3,1,3,1,1
734,0,3,3,1,3,2,1
735,0,3,3,1,3,3,1
736,0,3,3,2,0,0,1
737,0,3,3,2,0,1,1
738,0,3,3,2,0,2,1
739,0,3,3,2,0,3,1
740,0,3,3,2,1,0,1
741,0,3,3,2,1,1,1
742,0,3,3,2,1,2,1
743,0,3,3,2,1,3,1
744,0,3,3,2,2,0,1
745,0,3,3,2,2,1,1
746,0,3,3,2,2,2,1
747,0,3,3,2,2,3,1
748,0,3,3,2,3,0,2
749,0,3,3,2,3,1,2
750,0,3,3,2,3,2,2
751,0,3,3,2,3,3,2
752,0,3,3,3,0,0,1
753,0,3,3,3,0,1,1
754,0,3,3,3,0,2,1
755,0,3,3,3,0,3,1
756,0,3,3,3,1,0,1
757,0,3,3,3,1,1,1
758,0,3,3,3,1,2,1
759,0,3,3,3,1,3,1
760,0,3,3,3,2,0,1
761,0,3,3,3,2,1,1
762,0,3,3,3,2,2,1
763,0,3,3,3,2,3,1
764,0,3,3,3,3,0,1
765,0,3,3,3,3,1,1
766,0,3,3,3,3,2,1
767,0,3,3,3,3,3,1
768,1,0,0,0,0,0,4
769,1,0,0,0,0,1,3
770,1,0,0,0,0,2,3
771,1,0,0,0,0,3,3
772,1,0,0,0,1,0,4
773,1,0,0,0,1,1,3
774,1,0,0,0,1,2,3
775,1,0,0,0,1,3,3
776,1,0,0,0,2,0,2
777,1,0,0,0,2,1,3
778,1,0,0,0,2,2,3
779,1,0,0,0,2,3,3
780,1,0,0,0,3,0,2
781,1,0,0,0,3,1,3
782,1,0,0,0,3,2,3
783,1,0,0,0,3,3,3
784,1,0,0,1,0,0,4
785,1,0,0,1,0,1,3
786,1,0,0,1,0,2,3
787,1,0,0,1,0,3,3
788,1,0,0,1,1,0,4
789,1,0,0,1,1,1,3
790,1,0,0,1,1,2,3
791,1,0,0,1,1,3,3
792,1,0,0,1,2,0,2
793,1,0,0,1,2,1,2
794,1,0,0,1,2,2,2
795,1,0,0,1,2,3,3
796,1,0,0,1,3,0,2
797,1,0,0,1,3,1,2
798,1,0,0,1,3,2,2
799,1,0,0,1,3,3,2
800,1,0,0,2,0,0,1
801,1,0,0,2,0,1,1
802,1,0,0,2,0,2,1
803,1,0,0,2,0,3,3
804,1,0,0,2,1,0,1
805,1,0,0,2,1,1,1
806,1,0,0,2,1,2,1
807,1,0,0,2,1,3,3
808,1,0,0,2,2,0,2
809,1,0,0,2,2,1,2
810,1,0,0,2,2,2,2
811,1,0,0,2,2,3,3
812,1,0,0,2,3,0,2
813,1,0,0,2,3,1,2
814,1,0,0,2,3,2,2
815,1,0,0,2,3,3,2
816,1,0,0,3,0,0,1
817,1,0,0,3,0,1,1
818,1,0,0,3,0,2,1
819,1,0,0,3,0,3,3
820,1,0,0,3,1,0,1
821,1,0,0,3,1,1,1
822,1,0,0,3,1,2,1
823,1,0,0,3,1,3,3
824,1,0,0,3,2,0,1
825,1,0,0,3,2,1,1
826,1,0,0,3,2,2,1
827,1,0,0,3,2,3,1
828,1,0,0,3,3,0,1
829,1,0,0,3,3,1,1
830,1,0,0,3,3,2,1
831,1,0,0,3,3,3,3
832,1,0,1,0,0,0,0
833,1,0,1,0,0,1,0
834,1,0,1,0,0,2,0
835,1,0,1,0,0,3,3
836,1,0,1,0,1,0,0
837,1,0,1,0,1,1,0
838,1,0,1,0,1,2,0
839,1,0,1,0,1,3,3
840,1,0,1,0,2,0,0
841,1,0,1,0,2,1,0
842,1,0,1,0,2,2,0
843,1,0,1,0,2,3,3
844,1,0,1,0,3,0,0
845,1,0,1,0,3,1,0
846,1,0,1,0,3,2,0
847,1,0,1,0,3,3,3
848,1,0,1,1,0,0,0
849,1,0,1,1,0,1,0
850,1,0,1,1,0,2,0
851,1,0,1,1,0,3,3
852,1,0,1,1,1,0,0
853,1,0,1,1,1,1,3
854,1,0,1,1,1,2,3
855,1,0,1,1,1,3,3
856,1,0,1,1,2,0,0
857,1,0,1,1,2,1,0
858,1,0,1,1,2,2,0
859,1,0,1,1,2,3,3
860,1,0,1,1,3,0,0
861,1,0,1,1,3,1,0
862,1,0,1,1,3,2,0
863,1,0,1,1,3,3,3
864,1,0,1,2,0,0,0
865,1,0,1,2,0,1,0
866,1,0,1,2,0,2,0
867,1,0,1,2,0,3,3
868,1,0,1,2,1,0,0
869,1,0,1,2,1,1,0
870,1,0,1,2,1,2,0
871,1,0,1,2,1,3,3
872,1,0,1,2,2,0,0
873,1,0,1,2,2,1,0
874,1,0,1,2,2,2,0
875,1,0,1,2,2,3,3
876,1,0,1,2,3,0,0
877,1,0,1,2,3,1,0
878,1,0,1,2,3,2,0
879,1,0,1,2,3,3,3
880,1,0,1,3,0,0,0
881,1,0,1,3,0,1,0
882,1,0,1,3,0,2,0
883,1,0,1,3,0,3,3
884,1,0,1,3,1,0,0
885,1,0,1,3,1,1,0
886,1,0,1,3,1,2,0
887,1,0,1,3,1,3,3
888,1,0,1,3,2,0,0
889,1,0,1,3,2,1,0
890,1,0,1,3,2,2,0
891,1,0,1,3,2,3,3
892,1,0,1,3,3,0,0
893,1,0,1,3,3,1,0
894,1,0,1,3,3,2,0
895,1,0,1,3,3,3,3
896,1,0,2,0,0,0,0
897,1,0,2,0,0,1,0
898,1,0,2,0,0,2,0
899,1,0,2,0,0,3,3
900,1,0,2,0,1,0,0
901,1,0,2,0,1,1,0
902,1,0,2,0,1,2,0
903,1,0,2,0,1,3,3
904,1,0,2,0,2,0,0
905,1,0,2,0,2,1,0
906,1,0,2,0,2,2,0
907,1,0,2,0,2,3,3
908,1,0,2,0,3,0,0
909,1,0,2,0,3,1,0
910,1,0,2,0,3,2,0
911,1,0,2,0,3,3,3
912,1,0,2,1,0,0,0
913,1,0,2,1,0,1,0
914,1,0,2,1,0,2,0
915,1,0,2,1,0,3,3
916,1,0,2,1,1,0,0
917,1,0,2,1,1,1,3
918,1,0,2,1,1,2,3
919,1,0,2,1,1,3,3
920,1,0,2,1,2,0,0
921,1,0,2,1,2,1,0
922,1,0,2,1,2,2,0
923,1,0,2,1,2,3,3
924,1,0,2,1,3,0,0
925,1,0,2,1,3,1,0
926,1,0,2,1,3,2,0
927,1,0,2,1,3,3,3
928,1,0,2,2,0,0,0
929,1,0,2,2,0,1,0
930,1,0,2,2,0,2,0
931,1,0,2,2,0,3,3
932,1,0,2,2,1,0,0
933,1,0,2,2,1,1,0
934,1,0,2,2,1,2,0
935,1,0,2,2,1,3,3
936,1,0,2,2,2,0,0
937,1,0,2,2,2,1,0
938,1,0,2,2,2,2,0
939,1,0,2,2,2,3,3
940,1,0,2,2,3,0,0
941,1,0,2,2,3,1,0
942,1,0,2,2,3,2,0
943,1,0,2,2,3,3,3
944,1,0,2,3,0,0,0
945,1,0,2,3,0,1,0
946,1,0,2,3,0,2,0
947,1,0,2,3,0,3,3
948,1,0,2,3,1,0,0
949,1,0,2,3,1,1,0
950,1,0,2,3,1,2,0
951,1,0,2,3,1,3,3
952,1,0,2,3,2,0,0
953,1,0,2,3,2,1,0
954,1,0,2,3,2,2,0
955,1,0,2,3,2,3,3
956,1,0,2,3,3,0,0
957,1,0,2,3,3,1,0
958,1,0,2,3,3,2,0
959,1,0,2,3,3,3,3
960,1,0,3,0,0,0,0
961,1,0,3,0,0,1,0
962,1,0,3,0,0,2,0
963,1,0,3,0,0,3,3
964,1,0,3,0,1,0,0
965,1,0,3,0,1,1,0
966,1,0,3,0,1,2,0
967,1,0,3,0,1,3,3
968,1,0,3,0,2,0,0
969,1,0,3,0,2,1,0
970,1,0,3,0,2,2,0
971,1,0,3,0,2,3,3
972,1,0,3,0,3,0,0
973,1,0,3,0,3,1,0
974,1,0,3,0,3,2,0
975,1,0,3,0,3,3,3
976,1,0,3,1,0,0,0
977,1,0,3,1,0,1,0
978,1,0,3,1,0,2,0
979,1,0,3,1,0,3,3
980,1,0,3,1,1,0,0
981,1,0,3,1,1,1,3
982,1,0,3,1,1,2,3
983,1,0,3,1,1,3,3
984,1,0,3,1,2,0,0
985,1,0,3,1,2,1,0
986,1,0,3,1,2,2,0
987,1,0,3,1,2,3,3
988,1,0,3,1,3,0,0
989,1,0,3,1,3,1,0
990,1,0,3,1,3,2,0
991,1,0,3,1,3,3,3
992,1,0,3,2,0,0,0
993,1,0,3,2,0,1,0
994,1,0,3,2,0,2,0
995,1,0,3,2,0,3,3
996,1,0,3,2,1,0,0
997,1,0,3,2,1,1,0
998,1,0,3,2,1,2,0
999,1,0,3,2,1,3,3
1000,1,0,3,2,2,0,0
1001,1,0,3,2,2,1,0
1002,1,0,3,2,2,2,0
1003,1,0,3,2,2,3,3
1004,1,0,3,2,3,0,0
1005,1,0,3,2,3,1,0
1006,1,0,3,2,3,2,0
1007,1,0,3,2,3,3,3
1008,1,0,3,3,0,0,0
1009,1,0,3,3,0,1,0
1010,1,0,3,3,0,2,0
1011,1,0,3,3,0,3,3
1012,1,0,3,3,1,0,0
1013,1,0,3,3,1,1,0
1014,1,0,3,3,1,2,0
1015,1,0,3,3,1,3,3
1016,1,0,3,3,2,0,0
1017,1,0,3,3,2,1,0
1018,1,0,3,3,2,2,0
1019,1,0,3,3,2,3,3
1020,1,0,3,3,3,0,0
1021,1,0,3,3,3,1,0
1022,1,0,3,3,3,2,0
1023,1,0,3,3,3,3,3
1024,1,1,0,0,0,0,4
1025,1,1,0,0,0,1,3
1026,1,1,0,0,0,2,3
1027,1,1,0,0,0,3,3
1028,1,1,0,0,1,0,4
1029,1,1,0,0,1,1,3
1030,1,1,0,0,1,2,3
1031,1,1,0,0,1,3,3
1032,1,1,0,0,2,0,2
1033,1,1,0,0,2,1,3
1034,1,1,0,0,2,2,3
1035,1,1,0,0,2,3,3
1036,1,1,0,0,3,0,2
1037,1,1,0,0,3,1,3
1038,1,1,0,0,3,2,3
1039,1,1,0,0,3,3,3
1040,1,1,0,1,0,0,4
1041,1,1,0,1,0,1,3
1042,1,1,0,1,0,2,3
1043,1,1,0,1,0,3,3
1044,1,1,0,1,1,0,4
1045,1,1,0,1,1,1,3
1046,1,1,0,1,1,2,3
1047,1,1,0,1,1,3,3
1048,1,1,0,1,2,0,2
1049,1,1,0,1,2,1,2
1050,1,1,0,1,2,2,2
1051,1,1,0,1,2,3,3
1052,1,1,0,1,3,0,2
1053,1,1,0,1,3,1,2
1054,1,1,0,1,3,2,2
1055,1,1,0,1,3,3,2
1056,1,1,0,2,0,0,1
1057,1,1,0,2,0,1,1
1058,1,1,0,2,0,2,1
1059,1,1,0,2,0,3,3
1060,1,1,0,2,1,0,1
1061,1,1,0,2,1,1,1
1062,1,1,0,2,1,2,1
1063,1,1,0,2,1,3,3
1064,1,1,0,2,2,0,2
1065,1,1,0,2,2,1,2
1066,1,1,0,2,2,2,2
1067,1,1,0,2,2,3,3
1068,1,1,0,2,3,0,2
1069,1,1,0,2,3,1,2
1070,1,1,0,2,3,2,2
1071,1,1,0,2,3,3,2
1072,1,1,0,3,0,0,1
1073,1,1,0,3,0,1,1
1074,1,1,0,3,0,2,1
1075,1,1,0,3,0,3,3
1076,1,1,0,3,1,0,1
1077,1,1,0,3,1,1,1
1078,1,1,0,3,1,2,1
1079,1,1,0,3,1,3,3
1080,1,1,0,3,2,0,1
1081,1,1,0,3,2,1,1
1082,1,1,0,3,2,2,1
1083,1,1,0,3,2,3,1
1084,1,1,0,3,3,0,1
1085,1,1,0,3,3,1,1
1086,1,1,0,3,3,2,1
1087,1,1,0,3,3,3,3
1088,1,1,1,0,0,0,0
1089,1,1,1,0,0,1,0
1090,1,1,1,0,0,2,0
1091,1,1,1,0,0,3,3
1092,1,1,1,0,1,0,0
1093,1,1,1,0,1,1,0
1094,1,1,1,0,1,2,0
1095,1,1,1,0,1,3,3
1096,1,1,1,0,2,0,0
1097,1,1,1,0,2,1,0
1098,1,1,1,0,2,2,0
1099,1,1,1,0,2,3,3
1100,1,1,1,0,3,0,0
1101,1,1,1,0,3,1,0
1102,1,1,1,0,3,2,0
1103,1,1,1,0,3,3,3
1104,1,1,1,1,0,0,0
1105,1,1,1,1,0,1,0
1106,1,1,1,1,0,2,0
1107,1,1,1,1,0,3,3
1108,1,1,1,1,1,0,0
1109,1,1,1,1,1,1,3
1110,1,1,1,1,1,2,3
1111,1,1,1,1,1,3,3
1112,1,1,1,1,2,0,0
1113,1,1,1,1,2,1,0
1114,1,1,1,1,2,2,0
1115,1,1,1,1,2,3,3
1116,1,1,1,1,3,0,0
1117,1,1,1,1,3,1,0
1118,1,1,1,1,3,2,0
1119,1,1,1,1,3,3,3
1120,1,1,1,2,0,0,0
1121,1,1,1,2,0,1,0
1122,1,1,1,2,0,2,0
1123,1,1,1,2,0,3,3
1124,1,1,1,2,1,0,0
1125,1,1,1,2,1,1,0
1126,1,1,1,2,1,2,0
1127,1,1,1,2,1,3,3
1128,1,1,1,2,2,0,0
1129,1,1,1,2,2,1,0
1130,1,1,1,2,2,2,0
1131,1,1,1,2,2,3,3
1132,1,1,1,2,3,0,0
1133,1,1,1,2,3,1,0
1134,1,1,1,2,3,2,0
1135,1,1,1,2,3,3,3
1136,1,1,1,3,0,0,0
1137,1,1,1,3,0,1,0
1138,1,1,1,3,0,2,0
1139,1,1,1,3,0,3,3
1140,1,1,1,3,1,0,0
1141,1,1,1,3,1,1,0
1142,1,1,1,3,1,2,0
1143,1,1,1,3,1,3,3
1144,1,1,1,3,2,0,0
1145,1,1,1,3,2,1,0
1146,1,1,1,3,2,2,0
1147,1,1,1,3,2,3,3
1148,1,1,1,3,3,0,0
1149,1,1,1,3,3,1,0
1150,1,1,1,3,3,2,0
1151,1,1,1,3,3,3,3
1152,1,1,2,0,0,0,0
1153,1,1,2,0,0,1,0
1154,1,1,2,0,0,2,0
1155,1,1,2,0,0,3,3
1156,1,1,2,0,1,0,0
1157,1,1,2,0,1,1,0
1158,1,1,2,0,1,2,0
1159,1,1,2,0,1,3,3
1160,1,1,2,0,2,0,0
1161,1,1,2,0,2,1,0
1162,1,1,2,0,2,2,0
1163,1,1,2,0,2,3,3
1164,1,1,2,0,3,0,0
1165,1,1,2,0,3,1,0
1166,1,1,2,0,3,2,0
1167,1,1,2,0,3,3,3
1168,1,1,2,1,0,0,0
1169,1,1,2,1,0,1,0
1170,1,1,2,1,0,2,0
1171,1,1,2,1,0,3,3
1172,1,1,2,1,1,0,0
1173,1,1,2,1,1,1,3
1174,1,1,2,1,1,2,3
1175,1,1,2,1,1,3,3
1176,1,1,2,1,2,0,0
1177,1,1,2,1,2,1,0
1178,1,1,2,1,2,2,0
1179,1,1,2,1,2,3,3
1180,1,1,2,1,3,0,0
1181,1,1,2,1,3,1,0
1182,1,1,2,1,3,2,0
1183,1,1,2,1,3,3,3
1184,1,1,2,2,0,0,0
1185,1,1,2,2,0,1,0
1186,1,1,2,2,0,2,0
1187,1,1,2,2,0,3,3
1188,1,1,2,2,1,0,0
1189,1,1,2,2,1,1,0
1190,1,1,2,2,1,2,0
1191,1,1,2,2,1,3,3
1192,1,1,2,2,2,0,0
1193,1,1,2,2,2,1,0
1194,1,1,2,2,2,2,0
1195,1,1,2,2,2,3,3
1196,1,1,2,2,3,0,0
1197,1,1,2,2,3,1,0
1198,1,1,2,2,3,2,0
1199,1,1,2,2,3,3,3
1200,1,1,2,3,0,0,0
1201,1,1,2,3,0,1,0
1202,1,1,2,3,0,2,0
1203,1,1,2,3,0,3,3
1204,1,1,2,3,1,0,0
1205,1,1,2,3,1,1,0
1206,1,1,2,3,1,2,0
1207,1,1,2,3,1,3,3
1208,1,1,2,3,2,0,0
1209,1,1,2,3,2,1,0
1210,1,1,2,3,2,2,0
1211,1,1,2,3,2,3,3
1212,1,1,2,3,3,0,0
1213,1,1,2,3,3,1,0
1214,1,1,2,3,3,2,0
1215,1,1,2,3,3,3,3
1216,1,1,3,0,0,0,0
1217,1,1,3,0,0,1,0
1218,1,1,3,0,0,2,0
1219,1,1,3,0,0,3,3
1220,1,1,3,0,1,0,0
1221,1,1,3,0,1,1,0
1222,1,1,3,0,1,2,0
1223,1,1,3,0,1,3,3
1224,1,1,3,0,2,0,0
1225,1,1,3,0,2,1,0
1226,1,1,3,0,2,2,0
1227,1,1,3,0,2,3,3
1228,1,1,3,0,3,0,0
1229,1,1,3,0,3,1,0
1230,1,1,3,0,3,2,0
1231,1,1,3,0,3,3,3
1232,1,1,3,1,0,0,0
1233,1,1,3,1,0,1,0
1234,1,1,3,1,0,2,0
1235,1,1,3,1,0,3,3
1236,1,1,3,1,1,0,0
1237,1,1,3,1,1,1,3
1238,1,1,3,1,1,2,3
1239,1,1,3,1,1,3,3
1240,1,1,3,1,2,0,0
1241,1,1,3,1,2,1,0
1242,1,1,3,1,2,2,0
1243,1,1,3,1,2,3,3
1244,1,1,3,1,3,0,0
1245,1,1,3,1,3,1,0
1246,1,1,3,1,3,2,0
1247,1,1,3,1,3,3,3
1248,1,1,3,2,0,0,0
1249,1,1,3,2,0,1,0
1250,1,1,3,2,0,2,0
1251,1,1,3,2,0,3,3
1252,1,1,3,2,1,0,0
1253,1,1,3,2,1,1,0
1254,1,1,3,2,1,2,0
1255,1,1,3,2,1,3,3
1256,1,1,3,2,2,0,0
1257,1,1,3,2,2,1,0
1258,1,1,3,2,2,2,0
1259,1,1,3,2,2,3,3
1260,1,1,3,2,3,0,0
1261,1,1,3,2,3,1,0
1262,1,1,3,2,3,2,0
1263,1,1,3,2,3,3,3
1264,1,1,3,3,0,0,0
1265,1,1,3,3,0,1,0
1266,1,1,3,3,0,2,0
1267,1,1,3,3,0,3,3
1268,1,1,3,3,1,0,0
1269,1,1,3,3,1,1,0
1270,1,1,3,3,1,2,0
1271,1,1,3,3,1,3,3
1272,1,1,3,3,2,0,0
1273,1,1,3,3,2,1,0
1274,1,1,3,3,2,2,0
1275,1,1,3,3,2,3,3
1276,1,1,3,3,3,0,0
1277,1,1,3,3,3,1,0
1278,1,1,3,3,3,2,0
1279,1,1,3,3,3,3,3
1280,1,2,0,0,0,0,4
1281,1,2,0,0,0,1,3
1282,1,2,0,0,0,2,3
1283,1,2,0,0,0,3,3
1284,1,2,0,0,1,0,2
1285,1,2,0,0,1,1,2
1286,1,2,0,0,1,2,2
1287,1,2,0,0,1,3,2
1288,1,2,0,0,2,0,2
1289,1,2,0,0,2,1,2
1290,1,2,0,0,2,2,2
1291,1,2,0,0,2,3,2
1292,1,2,0,0,3,0,2
1293,1,2,0,0,3,1,2
1294,1,2,0,0,3,2,2
1295,1,2,0,0,3,3,2
1296,1,2,0,1,0,0,1
1297,1,2,0,1,0,1,1
1298,1,2,0,1,0,2,1
1299,1,2,0,1,0,3,1
1300,1,2,0,1,1,0,1
1301,1,2,0,1,1,1,1
1302,1,2,0,1,1,2,1
1303,1,2,0,1,1,3,1
1304,1,2,0,1,2,0,2
1305,1,2,0,1,2,1,2
1306,1,2,0,1,2,2,2
1307,1,2,0,1,2,3,3
1308,1,2,0,1,3,0,2
1309,1,2,0,1,3,1,2
1310,1,2,0,1,3,2,2
1311,1,2,0,1,3,3,2
1312,1,2,0,2,0,0,1
1313,1,2,0,2,0,1,1
1314,1,2,0,2,0,2,1
1315,1,2,0,2,0,3,1
1316,1,2,0,2,1,0,1
1317,1,2,0,2,1,1,1
1318,1,2,0,2,1,2,1
1319,1,2,0,2,1,3,1
1320,1,2,0,2,2,0,2
1321,1,2,0,2,2,1,2
1322,1,2,0,2,2,2,2
1323,1,2,0,2,2,3,2
1324,1,2,0,2,3,0,2
1325,1,2,0,2,3,1,2
1326,1,2,0,2,3,2,2
1327,1,2,0,2,3,3,2
1328,1,2,0,3,0,0,1
1329,1,2,0,3,0,1,1
1330,1,2,0,3,0,2,1
1331,1,2,0,3,0,3,1
1332,1,2,0,3,1,0,1
1333,1,2,0,3,1,1,1
1334,1,2,0,3,1,2,1
1335,1,2,0,3,1,3,1
1336,1,2,0,3,2,0,1
1337,1,2,0,3,2,1,1
1338,1,2,0,3,2,2,1
1339,1,2,0,3,2,3,1
1340,1,2,0,3,3,0,1
1341,1,2,0,3,3,1,1
1342,1,2,0,3,3,2,1
1343,1,2,0,3,3,3,1
1344,1,2,1,0,0,0,0
1345,1,2,1,0,0,1,0
1346,1,2,1,0,0,2,3
1347,1,2,1,0,0,3,3
1348,1,2,1,0,1,0,2
1349,1,2,1,0,1,1,2
1350,1,2,1,0,1,2,2
1351,1,2,1,0,1,3,2
1352,1,2,1,0,2,0,2
1353,1,2,1,0,2,1,2
1354,1,2,1,0,2,2,2
1355,1,2,1,0,2,3,2
1356,1,2,1,0,3,0,2
1357,1,2,1,0,3,1,2
1358,1,2,1,0,3,2,2
1359,1,2,1,0,3,3,2
1360,1,2,1,1,0,0,1
1361,1,2,1,1,0,1,1
1362,1,2,1,1,0,2,1
1363,1,2,1,1,0,3,1
1364,1,2,1,1,1,0,2
1365,1,2,1,1,1,1,2
1366,1,2,1,1,1,2,2
1367,1,2,1,1,1,3,2
1368,1,2,1,1,2,0,2
1369,1,2,1,1,2,1,2
1370,1,2,1,1,2,2,2
1371,1,2,1,1,2,3,2
1372,1,2,1,1,3,0,1
1373,1,2,1,1,3,1,1
1374,1,2,1,1,3,2,1
1375,1,2,1,1,3,3,1
1376,1,2,1,2,0,0,1
1377,1,2,1,2,0,1,1
1378,1,2,1,2,0,2,1
1379,1,2,1,2,0,3,1
1380,1,2,1,2,1,0,1
1381,1,2,1,2,1,1,1
1382,1,2,1,2,1,2,1
1383,1,2,1,2,1,3,1
1384,1,2,1,2,2,0,1
1385,1,2,1,2,2,1,1
1386,1,2,1,2,2,2,1
1387,1,2,1,2,2,3,1
1388,1,2,1,2,3,0,2
1389,1,2,1,2,3,1,2
1390,1,2,1,2,3,2,2
1391,1,2,1,2,3,3,2
1392,1,2,1,3,0,0,1
1393,1,2,1,3,0,1,1
1394,1,2,1,3,0,2,1
1395,1,2,1,3,0,3,1
1396,1,2,1,3,1,0,1
1397,1,2,1,3,1,1,1
1398,1,2,1,3,1,2,1
1399,1,2,1,3,1,3,1
1400,1,2,1,3,2,0,1
1401,1,2,1,3,2,1,1
1402,1,2,1,3,2,2,1
1403,1,2,1,3,2,3,1
1404,1,2,1,3,3,0,1
1405,1,2,1,3,3,1,1
1406,1,2,1,3,3,2,1
1407,1,2,1,3,3,3,1
1408,1,2,2,0,0,0,0
1409,1,2,2,0,0,1,0
1410,1,2,2,0,0,2,3
1411,1,2,2,0,0,3,3
1412,1,2,2,0,1,0,2
1413,1,2,2,0,1,1,2
1414,1,2,2,0,1,2,2
1415,1,2,2,0,1,3,2
1416,1,2,2,0,2,0,2
1417,1,2,2,0,2,1,2
1418,1,2,2,0,2,2,2
1419,1,2,2,0,2,3,2
1420,1,2,2,0,3,0,2
1421,1,2,2,0,3,1,2
1422,1,2,2,0,3,2,2
1423,1,2,2,0,3,3,2
1424,1,2,2,1,0,0,1
1425,1,2,2,1,0,1,1
1426,1,2,2,1,0,2,1
1427,1,2,2,1,0,3,1
1428,1,2,2,1,1,0,2
1429,1,2,2,1,1,1,2
1430,1,2,2,1,1,2,2
1431,1,2,2,1,1,3,2
1432,1,2,2,1,2,0,2
1433,1,2,2,1,2,1,2
1434,1,2,2,1,2,2,2
1435,1,2,2,1,2,3,2
1436,1,2,2,1,3,0,1
1437,1,2,2,1,3,1,1
1438,1,2,2,1,3,2,1
1439,1,2,2,1,3,3,1
1440,1,2,2,2,0,0,1
1441,1,2,2,2,0,1,1
1442,1,2,2,2,0,2,1
1443,1,2,2,2,0,3,1
1444,1,2,2,2,1,0,1
1445,1,2,2,2,1,1,1
1446,1,2,2,2,1,2,1
1447,1,2,2,2,1,3,1
1448,1,2,2,2,2,0,1
1449,1,2,2,2,2,1,1
1450,1,2,2,2,2,2,1
1451,1,2,2,2,2,3,1
1452,1,2,2,2,3,0,2
1453,1,2,2,2,3,1,2
1454,1,2,2,2,3,2,2
1455,1,2,2,2,3,3,2
1456,1,2,2,3,0,0,1
1457,1,2,2,3,0,1,1
1458,1,2,2,3,0,2,1
1459,1,2,2,3,0,3,1
1460,1,2,2,3,1,0,1
1461,1,2,2,3,1,1,1
1462,1,2,2,3,1,2,1
1463,1,2,2,3,1,3,1
1464,1,2,2,3,2,0,1
1465,1,2,2,3,2,1,1
1466,1,2,2,3,2,2,1
1467,1,2,2,3,2,3,1
1468,1,2,2,3,3,0,1
1469,1,2,2,3,3,1,1
1470,1,2,2,3,3,2,1
1471,1,2,2,3,3,3,1
1472,1,2,3,0,0,0,0
1473,1,2,3,0,0,1,0
1474,1,2,3,0,0,2,3
1475,1,2,3,0,0,3,3
1476,1,2,3,0,1,0,2
1477,1,2,3,0,1,1,2
1478,1,2,3,0,1,2,2
1479,1,2,3,0,1,3,2
1480,1,2,3,0,2,0,2
1481,1,2,3,0,2,1,2
1482,1,2,3,0,2,2,2
1483,1,2,3,0,2,3,2
1484,1,2,3,0,3,0,2
1485,1,2,3,0,3,1,2
1486,1,2,3,0,3,2,2
1487,1,2,3,0,3,3,2
1488,1,2,3,1,0,0,1
1489,1,2,3,1,0,1,1
1490,1,2,3,1,0,2,1
1491,1,2,3,1,0,3,1
1492,1,2,3,1,1,0,2
1493,1,2,3,1,1,1,2
1494,1,2,3,1,1,2,2
1495,1,2,3,1,1,3,2
1496,1,2,3,1,2,0,2
1497,1,2,3,1,2,1,2
1498,1,2,3,1,2,2,2
1499,1,2,3,1,2,3,2
1500,1,2,3,1,3,0,1
1501,1,2,3,1,3,1,1
1502,1,2,3,1,3,2,1
1503,1,2,3,1,3,3,1
1504,1,2,3,2,0,0,1
1505,1,2,3,2,0,1,1
1506,1,2,3,2,0,2,1
1507,1,2,3,2,0,3,1
1508,1,2,3,2,1,0,1
1509,1,2,3,2,1,1,1
1510,1,2,3,2,1,2,1
1511,1,2,3,2,1,3,1
1512,1,2,3,2,2,0,1
1513,1,2,3,2,2,1,1
1514,1,2,3,2,2,2,1
1515,1,2,3,2,2,3,1
1516,1,2,3,2,3,0,2
1517,1,2,3,2,3,1,2
1518,1,2,3,2,3,2,2
1519,1,2,3,2,3,3,2
1520,1,2,3,3,0,0,1
1521,1,2,3,3,0,1,1
1522,1,2,3,3,0,2,1
1523,1,2,3,3,0,3,1
1524,1,2,3,3,1,0,1
1525,1,2,3,3,1,1,1
1526,1,2,3,3,1,2,1
1527,1,2,3,3,1,3,1
1528,1,2,3,3,2,0,1
1529,1,2,3,3,2,1,1
1530,1,2,3,3,2,2,1
1531,1,2,3,3,2,3,1
1532,1,2,3,3,3,0,1
1533,1,2,3,3,3,1,1
1534,1,2,3,3,3,2,1
1535,1,2,3,3,3,3,1
1536,1,3,0,0,0,0,4
1537,1,3,0,0,0,1,3
1538,1,3,0,0,0,2,3
1539,1,3,0,0,0,3,3
1540,1,3,0,0,1,0,2
1541,1,3,0,0,1,1,2
1542,1,3,0,0,1,2,2
1543,1,3,0,0,1,3,2
1544,1,3,0,0,2,0,2
1545,1,3,0,0,2,1,2
1546,1,3,0,0,2,2,2
1547,1,3,0,0,2,3,2
1548,1,3,0,0,3,0,2
1549,1,3,0,0,3,1,2
1550,1,3,0,0,3,2,2
1551,1,3,0,0,3,3,2
1552,1,3,0,1,0,0,1
1553,1,3,0,1,0,1,1
1554,1,3,0,1,0,2,1
1555,1,3,0,1,0,3,1
1556,1,3,0,1,1,0,1
1557,1,3,0,1,1,1,1
1558,1,3,0,1,1,2,1
1559,1,3,0,1,1,3,1
1560,1,3,0,1,2,0,2
1561,1,3,0,1,2,1,2
1562,1,3,0,1,2,2,2
1563,1,3,0,1,2,3,3
1564,1,3,0,1,3,0,2
1565,1,3,0,1,3,1,2
1566,1,3,0,1,3,2,2
1567,1,3,0,1,3,3,2
1568,1,3,0,2,0,0,1
1569,1,3,0,2,0,1,1
1570,1,3,0,2,0,2,1
1571,1,3,0,2,0,3,1
1572,1,3,0,2,1,0,1
1573,1,3,0,2,1,1,1
1574,1,3,0,2,1,2,1
1575,1,3,0,2,1,3,1
1576,1,3,0,2,2,0,2
1577,1,3,0,2,2,1,2
1578,1,3,0,2,2,2,2
1579,1,3,0,2,2,3,2
1580,1,3,0,2,3,0,2
1581,1,3,0,2,3,1,2
1582,1,3,0,2,3,2,2
1583,1,3,0,2,3,3,2
1584,1,3,0,3,0,0,1
1585,1,3,0,3,0,1,1
1586,1,3,0,3,0,2,1
1587,1,3,0,3,0,3,1
1588,1,3,0,3,1,0,1
1589,1,3,0,3,1,1,1
1590,1,3,0,3,1,2,1
1591,1,3,0,3,1,3,1
1592,1,3,0,3,2,0,1
1593,1,3,0,3,2,1,1
1594,1,3,0,3,2,2,1
1595,1,3,0,3,2,3,1
1596,1,3,0,3,3,0,1
1597,1,3,0,3,3,1,1
1598,1,3,0,3,3,2,1
1599,1,3,0,3,3,3,1
1600,1,3,1,0,0,0,0
1601,1,3,1,0,0,1,0
1602,1,3,1,0,0,2,3
1603,1,3,1,0,0,3,3
1604,1,3,1,0,1,0,2
1605,1,3,1,0,1,1,2
1606,1,3,1,0,1,2,2
1607,1,3,1,0,1,3,2
1608,1,3,1,0,2,0,2
1609,1,3,1,0,2,1,2
1610,1,3,1,0,2,2,2
1611,1,3,1,0,2,3,2
1612,1,3,1,0,3,0,2
1613,1,3,1,0,3,1,2
1614,1,3,1,0,3,2,2
1615,1,3,1,0,3,3,2
1616,1,3,1,1,0,0,1
1617,1,3,1,1,0,1,1
1618,1,3,1,1,0,2,1
1619,1,3,1,1,0,3,1
1620,1,3,1,1,1,0,2
1621,1,3,1,1,1,1,2
1622,1,3,1,1,1,2,2
1623,1,3,1,1,1,3,2
1624,1,3,1,1,2,0,2
1625,1,3,1,1,2,1,2
1626,1,3,1,1,2,2,2
1627,1,3,1,1,2,3,2
1628,1,3,1,1,3,0,1
1629,1,3,1,1,3,1,1
1630,1,3,1,1,3,2,1
1631,1,3,1,1,3,3,1
1632,1,3,1,2,0,0,1
1633,1,3,1,2,0,1,1
1634,1,3,1,2,0,2,1
1635,1,3,1,2,0,3,1
1636,1,3,1,2,1,0,1
1637,1,3,1,2,1,1,1
1638,1,3,1,2,1,2,1
1639,1,3,1,2,1,3,1
1640,1,3,1,2,2,0,1
1641,1,3,1,2,2,1,1
1642,1,3,1,2,2,2,1
1643,1,3,1,2,2,3,1
1644,1,3,1,2,3,0,2
1645,1,3,1,2,3,1,2
1646,1,3,1,2,3,2,2
1647,1,3,1,2,3,3,2
1648,1,3,1,3,0,0,1
1649,1,3,1,3,0,1,1
1650,1,3,1,3,0,2,1
1651,1,3,1,3,0,3,1
1652,1,3,1,3,1,0,1
1653,1,3,1,3,1,1,1
1654,1,3,1,3,1,2,1
1655,1,3,1,3,1,3,1
1656,1,3,1,3,2,0,1
1657,1,3,1,3,2,1,1
1658,1,3,1,3,2,2,1
1659,1,3,1,3,2,3,1
1660,1,3,1,3,3,0,1
1661,1,3,1,3,3,1,1
1662,1,3,1,3,3,2,1
1663,1,3,1,3,3,3,1
1664,1,3,2,0,0,0,0
1665,1,3,2,0,0,1,0
1666,1,3,2,0,0,2,3
1667,1,3,2,0,0,3,3
1668,1,3,2,0,1,0,2
1669,1,3,2,0,1,1,2
1670,1,3,2,0,1,2,2
1671,1,3,2,0,1,3,2
1672,1,3,2,0,2,0,2
1673,1,3,2,0,2,1,2
1674,1,3,2,0,2,2,2
1675,1,3,2,0,2,3,2
1676,1,3,2,0,3,0,2
1677,1,3,2,0,3,1,2
1678,1,3,2,0,3,2,2
1679,1,3,2,0,3,3,2
1680,1,3,2,1,0,0,1
1681,1,3,2,1,0,1,1
1682,1,3,2,1,0,2,1
1683,1,3,2,1,0,3,1
1684,1,3,2,1,1,0,2
1685,1,3,2,1,1,1,2
1686,1,3,2,1,1,2,2
1687,1,3,2,1,1,3,2
1688,1,3,2,1,2,0,2
1689,1,3,2,1,2,1,2
1690,1,3,2,1,2,2,2
1691,1,3,2,1,2,3,2
1692,1,3,2,1,3,0,1
1693,1,3,2,1,3,1,1
1694,1,3,2,1,3,2,1
1695,1,3,2,1,3,3,1
1696,1,3,2,2,0,0,1
1697,1,3,2,2,0,1,1
1698,1,3,2,2,0,2,1
1699,1,3,2,2,0,3,1
1700,1,3,2,2,1,0,1
1701,1,3,2,2,1,1,1
1702,1,3,2,2,1,2,1
1703,1,3,2,2,1,3,1
1704,1,3,2,2,2,0,1
1705,1,3,2,2,2,1,1
1706,1,3,2,2,2,2,1
1707,1,3,2,2,2,3,1
1708,1,3,2,2,3,0,2
1709,1,3,2,2,3,1,2
1710,1,3,2,2,3,2,2
1711,1,3,2,2,3,3,2
1712,1,3,2,3,0,0,1
1713,1,3,2,3,0,1,1
1714,1,3,2,3,0,2,1
1715,1,3,2,3,0,3,1
1716,1,3,2,3,1,0,1
1717,1,3,2,3,1,1,1
1718,1,3,2,3,1,2,1
1719,1,3,2,3,1,3,1
1720,1,3,2,3,2,0,1
1721,1,3,2,3,2,1,1
1722,1,3,2,3,2,2,1
1723,1,3,2,3,2,3,1
1724,1,3,2,3,3,0,1
1725,1,3,2,3,3,1,1
1726,1,3,2,3,3,2,1
1727,1,3,2,3,3,3,1
1728,1,3,3,0,0,0,0
1729,1,3,3,0,0,1,0
1730,1,3,3,0,0,2,3
1731,1,3,3,0,0,3,3
1732,1,3,3,0,1,0,2
1733,1,3,3,0,1,1,2
1734,1,3,3,0,1,2,2
1735,1,3,3,0,1,3,2
1736,1,3,3,0,2,0,2
1737,1,3,3,0,2,1,2
1738,1,3,3,0,2,2,2
1739,1,3,3,0,2,3,2
1740,1,3,3,0,3,0,2
1741,1,3,3,0,3,1,2
1742,1,3,3,0,3,2,2
1743,1,3,3,0,3,3,2
1744,1,3,3,1,0,0,1
1745,1,3,3,1,0,1,1
1746,1,3,3,1,0,2,1
1747,1,3,3,1,0,3,1
1748,1,3,3,1,1,0,2
1749,1,3,3,1,1,1,2
1750,1,3,3,1,1,2,2
1751,1,3,3,1,1,3,2
1752,1,3,3,1,2,0,2
1753,1,3,3,1,2,1,2
1754,1,3,3,1,2,2,2
1755,1,3,3,1,2,3,2
1756,1,3,3,1,3,0,1
1757,1,3,3,1,3,1,1
1758,1,3,3,1,3,2,1
1759,1,3,3,1,3,3,1
1760,1,3,3,2,0,0,1
1761,1,3,3,2,0,1,1
1762,1,3,3,2,0,2,1
1763,1,3,3,2,0,3,1
1764,1,3,3,2,1,0,1
1765,1,3,3,2,1,1,1
1766,1,3,3,2,1,2,1
1767,1,3,3,2,1,3,1
1768,1,3,3,2,2,0,1
1769,1,3,3,2,2,1,1
1770,1,3,3,2,2,2,1
1771,1,3,3,2,2,3,1
1772,1,3,3,2,3,0,2
1773,1,3,3,2,3,1,2
1774,1,3,3,2,3,2,2
1775,1,3,3,2,3,3,2
1776,1,3,3,3,0,0,1
1777,1,3,3,3,0,1,1
1778,1,3,3,3,0,2,1
1779,1,3,3,3,0,3,1
1780,1,3,3,3,1,0,1
1781,1,3,3,3,1,1,1
1782,1,3,3,3,1,2,1
1783,1,3,3,3,1,3,1
1784,1,3,3,3,2,0,1
1785,1,3,3,3,2,1,1
1786,1,3,3,3,2,2,1
1787,1,3,3,3,2,3,1
1788,1,3,3,3,3,0,1
1789,1,3,3,3,3,1,1
1790,1,3,3,3,3,2,1
1791,1,3,3,3,3,3,1
1792,2,0,0,0,0,0,4
1793,2,0,0,0,0,1,3
1794,2,0,0,0,0,2,3
1795,2,0,0,0,0,3,3
1796,2,0,0,0,1,0,2
1797,2,0,0,0,1,1,2
1798,2,0,0,0,1,2,2
1799,2,0,0,0,1,3,2
1800,2,0,0,0,2,0,2
1801,2,0,0,0,2,1,2
1802,2,0,0,0,2,2,2
1803,2,0,0,0,2,3,2
1804,2,0,0,0,3,0,2
1805,2,0,0,0,3,1,2
1806,2,0,0,0,3,2,2
1807,2,0,0,0,3,3,2
1808,2,0,0,1,0,0,1
1809,2,0,0,1,0,1,1
1810,2,0,0,1,0,2,1
1811,2,0,0,1,0,3,1
1812,2,0,0,1,1,0,1
1813,2,0,0,1,1,1,1
1814,2,0,0,1,1,2,1
1815,2,0,0,1,1,3,1
1816,2,0,0,1,2,0,2
1817,2,0,0,1,2,1,2
1818,2,0,0,1,2,2,2
1819,2,0,0,1,2,3,3
1820,2,0,0,1,3,0,2
1821,2,0,0,1,3,1,2
1822,2,0,0,1,3,2,2
1823,2,0,0,1,3,3,2
1824,2,0,0,2,0,0,1
1825,2,0,0,2,0,1,1
1826,2,0,0,2,0,2,1
1827,2,0,0,2,0,3,1
1828,2,0,0,2,1,0,1
1829,2,0,0,2,1,1,1
1830,2,0,0,2,1,2,1
1831,2,0,0,2,1,3,1
1832,2,0,0,2,2,0,2
1833,2,0,0,2,2,1,2
1834,2,0,0,2,2,2,2
1835,2,0,0,2,2,3,2
1836,2,0,0,2,3,0,2
1837,2,0,0,2,3,1,2
1838,2,0,0,2,3,2,2
1839,2,0,0,2,3,3,2
1840,2,0,0,3,0,0,1
1841,2,0,0,3,0,1,1
1842,2,0,0,3,0,2,1
1843,2,0,0,3,0,3,1
1844,2,0,0,3,1,0,1
1845,2,0,0,3,1,1,1
1846,2,0,0,3,1,2,1
1847,2,0,0,3,1,3,1
1848,2,0,0,3,2,0,1
1849,2,0,0,3,2,1,1
1850,2,0,0,3,2,2,1
1851,2,0,0,3,2,3,1
1852,2,0,0,3,3,0,1
1853,2,0,0,3,3,1,1
1854,2,0,0,3,3,2,1
1855,2,0,0,3,3,3,1
1856,2,0,1,0,0,0,0
1857,2,0,1,0,0,1,0
1858,2,0,1,0,0,2,3
1859,2,0,1,0,0,3,3
1860,2,0,1,0,1,0,2
1861,2,0,1,0,1,1,2
1862,2,0,1,0,1,2,2
1863,2,0,1,0,1,3,2
1864,2,0,1,0,2,0,2
1865,2,0,1,0,2,1,2
1866,2,0,1,0,2,2,2
1867,2,0,1,0,2,3,2
1868,2,0,1,0,3,0,2
1869,2,0,1,0,3,1,2
1870,2,0,1,0,3,2,2
1871,2,0,1,0,3,3,2
1872,2,0,1,1,0,0,1
1873,2,0,1,1,0,1,1
1874,2,0,1,1,0,2,1
1875,2,0,1,1,0,3,1
1876,2,0,1,1,1,0,2
1877,2,0,1,1,1,1,2
1878,2,0,1,1,1,2,2
1879,2,0,1,1,1,3,2
1880,2,0,1,1,2,0,2
1881,2,0,1,1,2,1,2
1882,2,0,1,1,2,2,2
1883,2,0,1,1,2,3,2
1884,2,0,1,1,3,0,1
1885,2,0,1,1,3,1,1
1886,2,0,1,1,3,2,1
1887,2,0,1,1,3,3,1
1888,2,0,1,2,0,0,1
1889,2,0,1,2,0,1,1
1890,2,0,1,2,0,2,1
1891,2,0,1,2,0,3,1
1892,2,0,1,2,1,0,1
1893,2,0,1,2,1,1,1
1894,2,0,1,2,1,2,1
1895,2,0,1,2,1,3,1
1896,2,0,1,2,2,0,1
1897,2,0,1,2,2,1,1
1898,2,0,1,2,2,2,1
1899,2,0,1,2,2,3,1
1900,2,0,1,2,3,0,2
1901,2,0,1,2,3,1,2
1902,2,0,1,2,3,2,2
1903,2,0,1,2,3,3,2
1904,2,0,1,3,0,0,1
1905,2,0,1,3,0,1,1
1906,2,0,1,3,0,2,1
1907,2,0,1,3,0,3,1
1908,2,0,1,3,1,0,1
1909,2,0,1,3,1,1,1
1910,2,0,1,3,1,2,1
1911,2,0,1,3,1,3,1
1912,2,0,1,3,2,0,1
1913,2,0,1,3,2,1,1
1914,2,0,1,3,2,2,1
1915,2,0,1,3,2,3,1
1916,2,0,1,3,3,0,1
1917,2,0,1,3,3,1,1
1918,2,0,1,3,3,2,1
1919,2,0,1,3,3,3,1
1920,2,0,2,0,0,0,0
1921,2,0,2,0,0,1,0
1922,2,0,2,0,0,2,3
1923,2,0,2,0,0,3,3
1924,2,0,2,0,1,0,2
1925,2,0,2,0,1,1,2
1926,2,0,2,0,1,2,2
1927,2,0,2,0,1,3,2
1928,2,0,2,0,2,0,2
1929,2,0,2,0,2,1,2
1930,2,0,2,0,2,2,2
1931,2,0,2,0,2,3,2
1932,2,0,2,0,3,0,2
1933,2,0,2,0,3,1,2
1934,2,0,2,0,3,2,2
1935,2,0,2,0,3,3,2
1936,2,0,2,1,0,0,1
1937,2,0,2,1,0,1,1
1938,2,0,2,1,0,2,1
1939,2,0,2,1,0,3,1
1940,2,0,2,1,1,0,2
1941,2,0,2,1,1,1,2
1942,2,0,2,1,1,2,2
1943,2,0,2,1,1,3,2
1944,2,0,2,1,2,0,2
1945,2,0,2,1,2,1,2
1946,2,0,2,1,2,2,2
1947,2,0,2,1,2,3,2
1948,2,0,2,1,3,0,1
1949,2,0,2,1,3,1,1
1950,2,0,2,1,3,2,1
1951,2,0,2,1,3,3,1
1952,2,0,2,2,0,0,1
1953,2,0,2,2,0,1,1
1954,2,0,2,2,0,2,1
1955,2,0,2,2,0,3,1
1956,2,0,2,2,1,0,1
1957,2,0,2,2,1,1,1
1958,2,0,2,2,1,2,1
1959,2,0,2,2,1,3,1
1960,2,0,2,2,2,0,1
1961,2,0,2,2,2,1,1
1962,2,0,2,2,2,2,1
1963,2,0,2,2,2,3,1
1964,2,0,2,2,3,0,2
1965,2,0,2,2,3,1,2
1966,2,0,2,2,3,2,2
1967,2,0,2,2,3,3,2
1968,2,0,2,3,0,0,1
1969,2,0,2,3,0,1,1
1970,2,0,2,3,0,2,1
1971,2,0,2,3,0,3,1
1972,2,0,2,3,1,0,1
1973,2,0,2,3,1,1,1
1974,2,0,2,3,1,2,1
1975,2,0,2,3,1,3,1
1976,2,0,2,3,2,0,1
1977,2,0,2,3,2,1,1
1978,2,0,2,3,2,2,1
1979,2,0,2,3,2,3,1
1980,2,0,2,3,3,0,1
1981,2,0,2,3,3,1,1
1982,2,0,2,3,3,2,1
1983,2,0,2,3,3,3,1
1984,2,0,3,0,0,0,0
1985,2,0,3,0,0,1,0
1986,2,0,3,0,0,2,3
1987,2,0,3,0,0,3,3
1988,2,0,3,0,1,0,2
1989,2,0,3,0,1,1,2
1990,2,0,3,0,1,2,2
1991,2,0,3,0,1,3,2
1992,2,0,3,0,2,0,2
1993,2,0,3,0,2,1,2
1994,2,0,3,0,2,2,2
1995,2,0,3,0,2,3,2
1996,2,0,3,0,3,0,2
1997,2,0,3,0,3,1,2
1998,2,0,3,0,3,2,2
1999,2,0,3,0,3,3,2
2000,2,0,3,1,0,0,1
2001,2,0,3,1,0,1,1
2002,2,0,3,1,0,2,1
2003,2,0,3,1,0,3,1
2004,2,0,3,1,1,0,2
2005,2,0,3,1,1,1,2
2006,2,0,3,1,1,2,2
2007,2,0,3,1,1,3,2
2008,2,0,3,1,2,0,2
2009,2,0,3,1,2,1,2
2010,2,0,3,1,2,2,2
2011,2,0,3,1,2,3,2
2012,2,0,3,1,3,0,1
2013,2,0,3,1,3,1,1
2014,2,0,3,1,3,2,1
2015,2,0,3,1,3,3,1
2016,2,0,3,2,0,0,1
2017,2,0,3,2,0,1,1
2018,2,0,3,2,0,2,1
2019,2,0,3,2,0,3,1
2020,2,0,3,2,1,0,1
2021,2,0,3,2,1,1,1
2022,2,0,3,2,1,2,1
2023,2,0,3,2,1,3,1
2024,2,0,3,2,2,0,1
2025,2,0,3,2,2,1,1
2026,2,0,3,2,2,2,1
2027,2,0,3,2,2,3,1
2028,2,0,3,2,3,0,2
2029,2,0,3,2,3,1,2
2030,2,0,3,2,3,2,2
2031,2,0,3,2,3,3,2
2032,2,0,3,3,0,0,1
2033,2,0,3,3,0,1,1
2034,2,0,3,3,0,2,1
2035,2,0,3,3,0,3,1
2036,2,0,3,3,1,0,1
2037,2,0,3,3,1,1,1
2038,2,0,3,3,1,2,1
2039,2,0,3,3,1,3,1
2040,2,0,3,3,2,0,1
2041,2,0,3,3,2,1,1
2042,2,0,3,3,2,2,1
2043,2,0,3,3,2,3,1
2044,2,0,3,3,3,0,1
2045,2,0,3,3,3,1,1
2046,2,0,3,3,3,2,1
2047,2,0,3,3,3,3,1
2048,2,1,0,0,0,0,4
2049,2,1,0,0,0,1,3
2050,2,1,0,0,0,2,3
2051,2,1,0,0,0,3,3
2052,2,1,0,0,1,0,2
2053,2,1,0,0,1,1,2
2054,2,1,0,0,1,2,2
2055,2,1,0,0,1,3,2
2056,2,1,0,0,2,0,2
2057,2,1,0,0,2,1,2
2058,2,1,0,0,2,2,2
2059,2,1,0,0,2,3,2
2060,2,1,0,0,3,0,2
2061,2,1,0,0,3,1,2
2062,2,1,0,0,3,2,2
2063,2,1,0,0,3,3,2
2064,2,1,0,1,0,0,1
2065,2,1,0,1,0,1,1
2066,2,1,0,1,0,2,1
2067,2,1,0,1,0,3,1
2068,2,1,0,1,1,0,1
2069,2,1,0,1,1,1,1
2070,2,1,0,1,1,2,1
2071,2,1,0,1,1,3,1
2072,2,1,0,1,2,0,2
2073,2,1,0,1,2,1,2
2074,2,1,0,1,2,2,2
2075,2,1,0,1,2,3,3
2076,2,1,0,1,3,0,2
2077,2,1,0,1,3,1,2
2078,2,1,0,1,3,2,2
2079,2,1,0,1,3,3,2
2080,2,1,0,2,0,0,1
2081,2,1,0,2,0,1,1
2082,2,1,0,2,0,2,1
2083,2,1,0,2,0,3,1
2084,2,1,0,2,1,0,1
2085,2,1,0,2,1,1,1
2086,2,1,0,2,1,2,1
2087,2,1,0,2,1,3,1
2088,2,1,0,2,2,0,2
2089,2,1,0,2,2,1,2
2090,2,1,0,2,2,2,2
2091,2,1,0,2,2,3,2
2092,2,1,0,2,3,0,2
2093,2,1,0,2,3,1,2
2094,2,1,0,2,3,2,2
2095,2,1,0,2,3,3,2
2096,2,1,0,3,0,0,1
2097,2,1,0,3,0,1,1
2098,2,1,0,3,0,2,1
2099,2,1,0,3,0,3,1
2100,2,1,0,3,1,0,1
2101,2,1,0,3,1,1,1
2102,2,1,0,3,1,2,1
2103,2,1,0,3,1,3,1
2104,2,1,0,3,2,0,1
2105,2,1,0,3,2,1,1
2106,2,1,0,3,2,2,1
2107,2,1,0,3,2,3,1
2108,2,1,0,3,3,0,1
2109,2,1,0,3,3,1,1
2110,2,1,0,3,3,2,1
2111,2,1,0,3,3,3,1
2112,2,1,1,0,0,0,0
2113,2,1,1,0,0,1,0
2114,2,1,1,0,0,2,3
2115,2,1,1,0,0,3,3
2116,2,1,1,0,1,0,2
2117,2,1,1,0,1,1,2
2118,2,1,1,0,1,2,2
2119,2,1,1,0,1,3,2
2120,2,1,1,0,2,0,2
2121,2,1,1,0,2,1,2
2122,2,1,1,0,2,2,2
2123,2,1,1,0,2,3,2
2124,2,1,1,0,3,0,2
2125,2,1,1,0,3,1,2
2126,2,1,1,0,3,2,2
2127,2,1,1,0,3,3,2
2128,2,1,1,1,0,0,1
2129,2,1,1,1,0,1,1
2130,2,1,1,1,0,2,1
2131,2,1,1,1,0,3,1
2132,2,1,1,1,1,0,2
2133,2,1,1,1,1,1,2
2134,2,1,1,1,1,2,2
2135,2,1,1,1,1,3,2
2136,2,1,1,1,2,0,2
2137,2,1,1,1,2,1,2
2138,2,1,1,1,2,2,2
2139,2,1,1,1,2,3,2
2140,2,1,1,1,3,0,1
2141,2,1,1,1,3,1,1
2142,2,1,1,1,3,2,1
2143,2,1,1,1,3,3,1
2144,2,1,1,2,0,0,1
2145,2,1,1,2,0,1,1
2146,2,1,1,2,0,2,1
2147,2,1,1,2,0,3,1
2148,2,1,1,2,1,0,1
2149,2,1,1,2,1,1,1
2150,2,1,1,2,1,2,1
2151,2,1,1,2,1,3,1
2152,2,1,1,2,2,0,1
2153,2,1,1,2,2,1,1
2154,2,1,1,2,2,2,1
2155,2,1,1,2,2,3,1
2156,2,1,1,2,3,0,2
2157,2,1,1,2,3,1,2
2158,2,1,1,2,3,2,2
2159,2,1,1,2,3,3,2
2160,2,1,1,3,0,0,1
2161,2,1,1,3,0,1,1
2162,2,1,1,3,0,2,1
2163,2,1,1,3,0,3,1
2164,2,1,1,3,1,0,1
2165,2,1,1,3,1,1,1
2166,2,1,1,3,1,2,1
2167,2,1,1,3,1,3,1
2168,2,1,1,3,2,0,1
2169,2,1,1,3,2,1,1
2170,2,1,1,3,2,2,1
2171,2,1,1,3,2,3,1
2172,2,1,1,3,3,0,1
2173,2,1,1,3,3,1,1
2174,2,1,1,3,3,2,1
2175,2,1,1,3,3,3,1
2176,2,1,2,0,0,0,0
2177,2,1,2,0,0,1,0
2178,2,1,2,0,0,2,3
2179,2,1,2,0,0,3,3
2180,2,1,2,0,1,0,2
2181,2,1,2,0,1,1,2
2182,2,1,2,0,1,2,2
2183,2,1,2,0,1,3,2
2184,2,1,2,0,2,0,2
2185,2,1,2,0,2,1,2
2186,2,1,2,0,2,2,2
2187,2,1,2,0,2,3,2
2188,2,1,2,0,3,0,2
2189,2,1,2,0,3,1,2
2190,2,1,2,0,3,2,2
2191,2,1,2,0,3,3,2
2192,2,1,2,1,0,0,1
2193,2,1,2,1,0,1,1
2194,2,1,2,1,0,2,1
2195,2,1,2,1,0,3,1
2196,2,1,2,1,1,0,2
2197,2,1,2,1,1,1,2
2198,2,1,2,1,1,2,2
2199,2,1,2,1,1,3,2
2200,2,1,2,1,2,0,2
2201,2,1,2,1,2,1,2
2202,2,1,2,1,2,2,2
2203,2,1,2,1,2,3,2
2204,2,1,2,1,3,0,1
2205,2,1,2,1,3,1,1
2206,2,1,2,1,3,2,1
2207,2,1,2,1,3,3,1
2208,2,1,2,2,0,0,1
2209,2,1,2,2,0,1,1
2210,2,1,2,2,0,2,1
2211,2,1,2,2,0,3,1
2212,2,1,2,2,1,0,1
2213,2,1,2,2,1,1,1
2214,2,1,2,2,1,2,1
2215,2,1,2,2,1,3,1
2216,2,1,2,2,2,0,1
2217,2,1,2,2,2,1,1
2218,2,1,2,2,2,2,1
2219,2,1,2,2,2,3,1
2220,2,1,2,2,3,0,2
2221,2,1,2,2,3,1,2
2222,2,1,2,2,3,2,2
2223,2,1,2,2,3,3,2
2224,2,1,2,3,0,0,1
2225,2,1,2,3,0,1,1
2226,2,1,2,3,0,2,1
2227,2,1,2,3,0,3,1
2228,2,1,2,3,1,0,1
2229,2,1,2,3,1,1,1
2230,2,1,2,3,1,2,1
2231,2,1,2,3,1,3,1
2232,2,1,2,3,2,0,1
2233,2,1,2,3,2,1,1
2234,2,1,2,3,2,2,1
2235,2,1,2,3,2,3,1
2236,2,1,2,3,3,0,1
2237,2,1,2,3,3,1,1
2238,2,1,2,3,3,2,1
2239,2,1,2,3,3,3,1
2240,2,1,3,0,0,0,0
2241,2,1,3,0,0,1,0
2242,2,1,3,0,0,2,3
2243,2,1,3,0,0,3,3
2244,2,1,3,0,1,0,2
2245,2,1,3,0,1,1,2
2246,2,1,3,0,1,2,2
2247,2,1,3,0,1,3,2
2248,2,1,3,0,2,0,2
2249,2,1,3,0,2,1,2
2250,2,1,3,0,2,2,2
2251,2,1,3,0,2,3,2
2252,2,1,3,0,3,0,2
2253,2,1,3,0,3,1,2
2254,2,1,3,0,3,2,2
2255,2,1,3,0,3,3,2
2256,2,1,3,1,0,0,1
2257,2,1,3,1,0,1,1
2258,2,1,3,1,0,2,1
2259,2,1,3,1,0,3,1
2260,2,1,3,1,1,0,2
2261,2,1,3,1,1,1,2
2262,2,1,3,1,1,2,2
2263,2,1,3,1,1,3,2
2264,2,1,3,1,2,0,2
2265,2,1,3,1,2,1,2
2266,2,1,3,1,2,2,2
2267,2,1,3,1,2,3,2
2268,2,1,3,1,3,0,1
2269,2,1,3,1,3,1,1
2270,2,1,3,1,3,2,1
2271,2,1,3,1,3,3,1
2272,2,1,3,2,0,0,1
2273,2,1,3,2,0,1,1
2274,2,1,3,2,0,2,1
2275,2,1,3,2,0,3,1
2276,2,1,3,2,1,0,1
2277,2,1,3,2,1,1,1
2278,2,1,3,2,1,2,1
2279,2,1,3,2,1,3,1
2280,2,1,3,2,2,0,1
2281,2,1,3,2,2,1,1
2282,2,1,3,2,2,2,1
2283,2,1,3,2,2,3,1
2284,2,1,3,2,3,0,2
2285,2,1,3,2,3,1,2
2286,2,1,3,2,3,2,2
2287,2,1,3,2,3,3,2
2288,2,1,3,3,0,0,1
2289,2,1,3,3,0,1,1
2290,2,1,3,3,0,2,1
2291,2,1,3,3,0,3,1
2292,2,1,3,3,1,0,1
2293,2,1,3,3,1,1,1
2294,2,1,3,3,1,2,1
2295,2,1,3,3,1,3,1
2296,2,1,3,3,2,0,1
2297,2,1,3,3,2,1,1
2298,2,1,3,3,2,2,1
2299,2,1,3,3,2,3,1
2300,2,1,3,3,3,0,1
2301,2,1,3,3,3,1,1
2302,2,1,3,3,3,2,1
2303,2,1,3,3,3,3,1
2304,2,2,0,0,0,0,4
2305,2,2,0,0,0,1,3
2306,2,2,0,0,0,2,3
2307,2,2,0,0,0,3,3
2308,2,2,0,0,1,0,2
2309,2,2,0,0,1,1,2
2310,2,2,0,0,1,2,2
2311,2,2,0,0,1,3,2
2312,2,2,0,0,2,0,2
2313,2,2,0,0,2,1,2
2314,2,2,0,0,2,2,2
2315,2,2,0,0,2,3,2
2316,2,2,0,0,3,0,2
2317,2,2,0,0,3,1,2
2318,2,2,0,0,3,2,2
2319,2,2,0,0,3,3,2
2320,2,2,0,1,0,0,1
2321,2,2,0,1,0,1,1
2322,2,2,0,1,0,2,1
2323,2,2,0,1,0,3,1
2324,2,2,0,1,1,0,1
2325,2,2,0,1,1,1,1
2326,2,2,0,1,1,2,1
2327,2,2,0,1,1,3,1
2328,2,2,0,1,2,0,2
2329,2,2,0,1,2,1,2
2330,2,2,0,1,2,2,2
2331,2,2,0,1,2,3,3
2332,2,2,0,1,3,0,2
2333,2,2,0,1,3,1,2
2334,2,2,0,1,3,2,2
2335,2,2,0,1,3,3,2
2336,2,2,0,2,0,0,1
2337,2,2,0,2,0,1,1
2338,2,2,0,2,0,2,1
2339,2,2,0,2,0,3,1
2340,2,2,0,2,1,0,1
2341,2,2,0,2,1,1,1
2342,2,2,0,2,1,2,1
2343,2,2,0,2,1,3,1
2344,2,2,0,2,2,0,2
2345,2,2,0,2,2,1,2
2346,2,2,0,2,2,2,2
2347,2,2,0,2,2,3,2
2348,2,2,0,2,3,0,2
2349,2,2,0,2,3,1,2
2350,2,2,0,2,3,2,2
2351,2,2,0,2,3,3,2
2352,2,2,0,3,0,0,1
2353,2,2,0,3,0,1,1
2354,2,2,0,3,0,2,1
2355,2,2,0,3,0,3,1
2356,2,2,0,3,1,0,1
2357,2,2,0,3,1,1,1
2358,2,2,0,3,1,2,1
2359,2,2,0,3,1,3,1
2360,2,2,0,3,2,0,1
2361,2,2,0,3,2,1,1
2362,2,2,0,3,2,2,1
2363,2,2,0,3,2,3,1
2364,2,2,0,3,3,0,1
2365,2,2,0,3,3,1,1
2366,2,2,0,3,3,2,1
2367,2,2,0,3,3,3,1
2368,2,2,1,0,0,0,0
2369,2,2,1,0,0,1,0
2370,2,2,1,0,0,2,3
2371,2,2,1,0,0,3,3
2372,2,2,1,0,1,0,2
2373,2,2,1,0,1,1,2
2374,2,2,1,0,1,2,2
2375,2,2,1,0,1,3,2
2376,2,2,1,0,2,0,2
2377,2,2,1,0,2,1,2
2378,2,2,1,0,2,2,2
2379,2,2,1,0,2,3,2
2380,2,2,1,0,3,0,2
2381,2,2,1,0,3,1,2
2382,2,2,1,0,3,2,2
2383,2,2,1,0,3,3,2
2384,2,2,1,1,0,0,1
2385,2,2,1,1,0,1,1
2386,2,2,1,1,0,2,1
2387,2,2,1,1,0,3,1
2388,2,2,1,1,1,0,2
2389,2,2,1,1,1,1,2
2390,2,2,1,1,1,2,2
2391,2,2,1,1,1,3,2
2392,2,2,1,1,2,0,2
2393,2,2,1,1,2,1,2
2394,2,2,1,1,2,2,2
2395,2,2,1,1,2,3,2
2396,2,2,1,1,3,0,1
2397,2,2,1,1,3,1,1
2398,2,2,1,1,3,2,1
2399,2,2,1,1,3,3,1
2400,2,2,1,2,0,0,1
2401,2,2,1,2,0,1,1
2402,2,2,1,2,0,2,1
2403,2,2,1,2,0,3,1
2404,2,2,1,2,1,0,1
2405,2,2,1,2,1,1,1
2406,2,2,1,2,1,2,1
2407,2,2,1,2,1,3,1
2408,2,2,1,2,2,0,1
2409,2,2,1,2,2,1,1
2410,2,2,1,2,2,2,1
2411,2,2,1,2,2,3,1
2412,2,2,1,2,3,0,2
2413,2,2,1,2,3,1,2
2414,2,2,1,2,3,2,2
2415,2,2,1,2,3,3,2
2416,2,2,1,3,0,0,1
2417,2,2,1,3,0,1,1
2418,2,2,1,3,0,2,1
2419,2,2,1,3,0,3,1
2420,2,2,1,3,1,0,1
2421,2,2,1,3,1,1,1
2422,2,2,1,3,1,2,1
2423,2,2,1,3,1,3,1
2424,2,2,1,3,2,0,1
2425,2,2,1,3,2,1,1
2426,2,2,1,3,2,2,1
2427,2,2,1,3,2,3,1
2428,2,2,1,3,3,0,1
2429,2,2,1,3,3,1,1
2430,2,2,1,3,3,2,1
2431,2,2,1,3,3,3,1
2432,2,2,2,0,0,0,0
2433,2,2,2,0,0,1,0
2434,2,2,2,0,0,2,3
2435,2,2,2,0,0,3,3
2436,2,2,2,0,1,0,2
2437,2,2,2,0,1,1,2
2438,2,2,2,0,1,2,2
2439,2,2,2,0,1,3,2
2440,2,2,2,0,2,0,2
2441,2,2,2,0,2,1,2
2442,2,2,2,0,2,2,2
2443,2,2,2,0,2,3,2
2444,2,2,2,0,3,0,2
2445,2,2,2,0,3,1,2
2446,2,2,2,0,3,2,2
2447,2,2,2,0,3,3,2
2448,2,2,2,1,0,0,1
2449,2,2,2,1,0,1,1
2450,2,2,2,1,0,2,1
2451,2,2,2,1,0,3,1
2452,2,2,2,1,1,0,2
2453,2,2,2,1,1,1,2
2454,2,2,2,1,1,2,2
2455,2,2,2,1,1,3,2
2456,2,2,2,1,2,0,2
2457,2,2,2,1,2,1,2
2458,2,2,2,1,2,2,2
2459,2,2,2,1,2,3,2
2460,2,2,2,1,3,0,1
2461,2,2,2,1,3,1,1
2462,2,2,2,1,3,2,1
2463,2,2,2,1,3,3,1
2464,2,2,2,2,0,0,1
2465,2,2,2,2,0,1,1
2466,2,2,2,2,0,2,1
2467,2,2,2,2,0,3,1
2468,2,2,2,2,1,0,1
2469,2,2,2,2,1,1,1
2470,2,2,2,2,1,2,1
2471,2,2,2,2,1,3,1
2472,2,2,2,2,2,0,1
2473,2,2,2,2,2,1,1
2474,2,2,2,2,2,2,1
2475,2,2,2,2,2,3,1
2476,2,2,2,2,3,0,2
2477,2,2,2,2,3,1,2
2478,2,2,2,2,3,2,2
2479,2,2,2,2,3,3,2
2480,2,2,2,3,0,0,1
2481,2,2,2,3,0,1,1
2482,2,2,2,3,0,2,1
2483,2,2,2,3,0,3,1
2484,2,2,2,3,1,0,1
2485,2,2,2,3,1,1,1
2486,2,2,2,3,1,2,1
2487,2,2,2,3,1,3,1
2488,2,2,2,3,2,0,1
2489,2,2,2,3,2,1,1
2490,2,2,2,3,2,2,1
2491,2,2,2,3,2,3,1
2492,2,2,2,3,3,0,1
2493,2,2,2,3,3,1,1
2494,2,2,2,3,3,2,1
2495,2,2,2,3,3,3,1
2496,2,2,3,0,0,0,0
2497,2,2,3,0,0,1,0
2498,2,2,3,0,0,2,3
2499,2,2,3,0,0,3,3
2500,2,2,3,0,1,0,2
2501,2,2,3,0,1,1,2
2502,2,2,3,0,1,2,2
2503,2,2,3,0,1,3,2
2504,2,2,3,0,2,0,2
2505,2,2,3,0,2,1,2
2506,2,2,3,0,2,2,2
2507,2,2,3,0,2,3,2
2508,2,2,3,0,3,0,2
2509,2,2,3,0,3,1,2
2510,2,2,3,0,3,2,2
2511,2,2,3,0,3,3,2
2512,2,2,3,1,0,0,1
2513,2,2,3,1,0,1,1
2514,2,2,3,1,0,2,1
2515,2,2,3,1,0,3,1
2516,2,2,3,1,1,0,2
2517,2,2,3,1,1,1,2
2518,2,2,3,1,1,2,2
2519,2,2,3,1,1,3,2
2520,2,2,3,1,2,0,2
2521,2,2,3,1,2,1,2
2522,2,2,3,1,2,2,2
2523,2,2,3,1,2,3,2
2524,2,2,3,1,3,0,1
2525,2,2,3,1,3,1,1
2526,2,2,3,1,3,2,1
2527,2,2,3,1,3,3,1
2528,2,2,3,2,0,0,1
2529,2,2,3,2,0,1,1
2530,2,2,3,2,0,2,1
2531,2,2,3,2,0,3,1
2532,2,2,3,2,1,0,1
2533,2,2,3,2,1,1,1
2534,2,2,3,2,1,2,1
2535,2,2,3,2,1,3,1
2536,2,2,3,2,2,0,1
2537,2,2,3,2,2,1,1
2538,2,2,3,2,2,2,1
2539,2,2,3,2,2,3,1
2540,2,2,3,2,3,0,2
2541,2,2,3,2,3,1,2
2542,2,2,3,2,3,2,2
2543,2,2,3,2,3,3,2
2544,2,2,3,3,0,0,1
2545,2,2,3,3,0,1,1
2546,2,2,3,3,0,2,1
2547,2,2,3,3,0,3,1
2548,2,2,3,3,1,0,1
2549,2,2,3,3,1,1,1
2550,2,2,3,3,1,2,1
2551,2,2,3,3,1,3,1
2552,2,2,3,3,2,0,1
2553,2,2,3,3,2,1,1
2554,2,2,3,3,2,2,1
2555,2,2,3,3,2,3,1
2556,2,2,3,3,3,0,1
2557,2,2,3,3,3,1,1
2558,2,2,3,3,3,2,1
2559,2,2,3,3,3,3,1
2560,2,3,0,0,0,0,4
2561,2,3,0,0,0,1,3
2562,2,3,0,0,0,2,3
2563,2,3,0,0,0,3,3
2564,2,3,0,0,1,0,2
2565,2,3,0,0,1,1,2
2566,2,3,0,0,1,2,2
2567,2,3,0,0,1,3,2
2568,2,3,0,0,2,0,2
2569,2,3,0,0,2,1,2
2570,2,3,0,0,2,2,2
2571,2,3,0,0,2,3,2
2572,2,3,0,0,3,0,2
2573,2,3,0,0,3,1,2
2574,2,3,0,0,3,2,2
2575,2,3,0,0,3,3,2
2576,2,3,0,1,0,0,1
2577,2,3,0,1,0,1,1
2578,2,3,0,1,0,2,1
2579,2,3,0,1,0,3,1
2580,2,3,0,1,1,0,1
2581,2,3,0,1,1,1,1
2582,2,3,0,1,1,2,1
2583,2,3,0,1,1,3,1
2584,2,3,0,1,2,0,2
2585,2,3,0,1,2,1,2
2586,2,3,0,1,2,2,2
2587,2,3,0,1,2,3,3
2588,2,3,0,1,3,0,2
2589,2,3,0,1,3,1,2
2590,2,3,0,1,3,2,2
2591,2,3,0,1,3,3,2
2592,2,3,0,2,0,0,1
2593,2,3,0,2,0,1,1
2594,2,3,0,2,0,2,1
2595,2,3,0,2,0,3,1
2596,2,3,0,2,1,0,1
2597,2,3,0,2,1,1,1
2598,2,3,0,2,1,2,1
2599,2,3,0,2,1,3,1
2600,2,3,0,2,2,0,2
2601,2,3,0,2,2,1,2
2602,2,3,0,2,2,2,2
2603,2,3,0,2,2,3,2
2604,2,3,0,2,3,0,2
2605,2,3,0,2,3,1,2
2606,2,3,0,2,3,2,2
2607,2,3,0,2,3,3,2
2608,2,3,0,3,0,0,1
2609,2,3,0,3,0,1,1
2610,2,3,0,3,0,2,1
2611,2,3,0,3,0,3,1
2612,2,3,0,3,1,0,1
2613,2,3,0,3,1,1,1
2614,2,3,0,3,1,2,1
2615,2,3,0,3,1,3,1
2616,2,3,0,3,2,0,1
2617,2,3,0,3,2,1,1
2618,2,3,0,3,2,2,1
2619,2,3,0,3,2,3,1
2620,2,3,0,3,3,0,1
2621,2,3,0,3,3,1,1
2622,2,3,0,3,3,2,1
2623,2,3,0,3,3,3,1
2624,2,3,1,0,0,0,0
2625,2,3,1,0,0,1,0
2626,2,3,1,0,0,2,3
2627,2,3,1,0,0,3,3
2628,2,3,1,0,1,0,2
2629,2,3,1,0,1,1,2
2630,2,3,1,0,1,2,2
2631,2,3,1,0,1,3,2
2632,2,3,1,0,2,0,2
2633,2,3,1,0,2,1,2
2634,2,3,1,0,2,2,2
2635,2,3,1,0,2,3,2
2636,2,3,1,0,3,0,2
2637,2,3,1,0,3,1,2
2638,2,3,1,0,3,2,2
2639,2,3,1,0,3,3,2
2640,2,3,1,1,0,0,1
2641,2,3,1,1,0,1,1
2642,2,3,1,1,0,2,1
2643,2,3,1,1,0,3,1
2644,2,3,1,1,1,0,2
2645,2,3,1,1,1,1,2
2646,2,3,1,1,1,2,2
2647,2,3,1,1,1,3,2
2648,2,3,1,1,2,0,2
2649,2,3,1,1,2,1,2
2650,2,3,1,1,2,2,2
2651,2,3,1,1,2,3,2
2652,2,3,1,1,3,0,1
2653,2,3,1,1,3,1,1
2654,2,3,1,1,3,2,1
2655,2,3,1,1,3,3,1
2656,2,3,1,2,0,0,1
2657,2,3,1,2,0,1,1
2658,2,3,1,2,0,2,1
2659,2,3,1,2,0,3,1
2660,2,3,1,2,1,0,1
2661,2,3,1,2,1,1,1
2662,2,3,1,2,1,2,1
2663,2,3,1,2,1,3,1
2664,2,3,1,2,2,0,1
2665,2,3,1,2,2,1,1
2666,2,3,1,2,2,2,1
2667,2,3,1,2,2,3,1
2668,2,3,1,2,3,0,2
2669,2,3,1,2,3,1,2
2670,2,3,1,2,3,2,2
2671,2,3,1,2,3,3,2
2672,2,3,1,3,0,0,1
2673,2,3,1,3,0,1,1
2674,2,3,1,3,0,2,1
2675,2,3,1,3,0,3,1
2676,2,3,1,3,1,0,1
2677,2,3,1,3,1,1,1
2678,2,3,1,3,1,2,1
2679,2,3,1,3,1,3,1
2680,2,3,1,3,2,0,1
2681,2,3,1,3,2,1,1
2682,2,3,1,3,2,2,1
2683,2,3,1,3,2,3,1
2684,2,3,1,3,3,0,1
2685,2,3,1,3,3,1,1
2686,2,3,1,3,3,2,1
2687,2,3,1,3,3,3,1
2688,2,3,2,0,0,0,0
2689,2,3,2,0,0,1,0
2690,2,3,2,0,0,2,3
2691,2,3,2,0,0,3,3
2692,2,3,2,0,1,0,2
2693,2,3,2,0,1,1,2
2694,2,3,2,0,1,2,2
2695,2,3,2,0,1,3,2
2696,2,3,2,0,2,0,2
2697,2,3,2,0,2,1,2
2698,2,3,2,0,2,2,2
2699,2,3,2,0,2,3,2
2700,2,3,2,0,3,0,2
2701,2,3,2,0,3,1,2
2702,2,3,2,0,3,2,2
2703,2,3,2,0,3,3,2
2704,2,3,2,1,0,0,1
2705,2,3,2,1,0,1,1
2706,2,3,2,1,0,2,1
2707,2,3,2,1,0,3,1
2708,2,3,2,1,1,0,2
2709,2,3,2,1,1,1,2
2710,2,3,2,1,1,2,2
2711,2,3,2,1,1,3,2
2712,2,3,2,1,2,0,2
2713,2,3,2,1,2,1,2
2714,2,3,2,1,2,2,2
2715,2,3,2,1,2,3,2
2716,2,3,2,1,3,0,1
2717,2,3,2,1,3,1,1
2718,2,3,2,1,3,2,1
2719,2,3,2,1,3,3,1
2720,2,3,2,2,0,0,1
2721,2,3,2,2,0,1,1
2722,2,3,2,2,0,2,1
2723,2,3,2,2,0,3,1
2724,2,3,2,2,1,0,1
2725,2,3,2,2,1,1,1
2726,2,3,2,2,1,2,1
2727,2,3,2,2,1,3,1
2728,2,3,2,2,2,0,1
2729,2,3,2,2,2,1,1
2730,2,3,2,2,2,2,1
2731,2,3,2,2,2,3,1
2732,2,3,2,2,3,0,2
2733,2,3,2,2,3,1,2
2734,2,3,2,2,3,2,2
2735,2,3,2,2,3,3,2
2736,2,3,2,3,0,0,1
2737,2,3,2,3,0,1,1
2738,2,3,2,3,0,2,1
2739,2,3,2,3,0,3,1
2740,2,3,2,3,1,0,1
2741,2,3,2,3,1,1,1
2742,2,3,2,3,1,2,1
2743,2,3,2,3,1,3,1
2744,2,3,2,3,2,0,1
2745,2,3,2,3,2,1,1
2746,2,3,2,3,2,2,1
2747,2,3,2,3,2,3,1
2748,2,3,2,3,3,0,1
2749,2,3,2,3,3,1,1
2750,2,3,2,3,3,2,1
2751,2,3,2,3,3,3,1
2752,2,3,3,0,0,0,0
2753,2,3,3,0,0,1,0
2754,2,3,3,0,0,2,3
2755,2,3,3,0,0,3,3
2756,2,3,3,0,1,0,2
2757,2,3,3,0,1,1,2
2758,2,3,3,0,1,2,2
2759,2,3,3,0,1,3,2
2760,2,3,3,0,2,0,2
2761,2,3,3,0,2,1,2
2762,2,3,3,0,2,2,2
2763,2,3,3,0,2,3,2
2764,2,3,3,0,3,0,2
2765,2,3,3,0,3,1,2
2766,2,3,3,0,3,2,2
2767,2,3,3,0,3,3,2
2768,2,3,3,1,0,0,1
2769,2,3,3,1,0,1,1
2770,2,3,3,1,0,2,1
2771,2,3,3,1,0,3,1
2772,2,3,3,1,1,0,2
2773,2,3,3,1,1,1,2
2774,2,3,3,1,1,2,2
2775,2,3,3,1,1,3,2
2776,2,3,3,1,2,0,2
2777,2,3,3,1,2,1,2
2778,2,3,3,1,2,2,2
2779,2,3,3,1,2,3,2
2780,2,3,3,1,3,0,1
2781,2,3,3,1,3,1,1
2782,2,3,3,1,3,2,1
2783,2,3,3,1,3,3,1
2784,2,3,3,2,0,0,1
2785,2,3,3,2,0,1,1
2786,2,3,3,2,0,2,1
2787,2,3,3,2,0,3,1
2788,2,3,3,2,1,0,1
2789,2,3,3,2,1,1,1
2790,2,3,3,2,1,2,1
2791,2,3,3,2,1,3,1
2792,2,3,3,2,2,0,1
2793,2,3,3,2,2,1,1
2794,2,3,3,2,2,2,1
2795,2,3,3,2,2,3,1
2796,2,3,3,2,3,0,2
2797,2,3,3,2,3,1,2
2798,2,3,3,2,3,2,2
2799,2,3,3,2,3,3,2
2800,2,3,3,3,0,0,1
2801,2,3,3,3,0,1,1
2802,2,3,3,3,0,2,1
2803,2,3,3,3,0,3,1
2804,2,3,3,3,1,0,1
2805,2,3,3,3,1,1,1
2806,2,3,3,3,1,2,1
2807,2,3,3,3,1,3,1
2808,2,3,3,3,2,0,1
2809,2,3,3,3,2,1,1
2810,2,3,3,3,2,2,1
2811,2,3,3,3,2,3,1
2812,2,3,3,3,3,0,1
2813,2,3,3,3,3,1,1
2814,2,3,3,3,3,2,1
2815,2,3,3,3,3,3,1
2816,3,0,0,0,0,0,4
2817,3,0,0,0,0,1,3
2818,3,0,0,0,0,2,3
2819,3,0,0,0,0,3,3
2820,3,0,0,0,1,0,2
2821,3,0,0,0,1,1,2
2822,3,0,0,0,1,2,2
2823,3,0,0,0,1,3,2
2824,3,0,0,0,2,0,2
2825,3,0,0,0,2,1,2
2826,3,0,0,0,2,2,2
2827,3,0,0,0,2,3,2
2828,3,0,0,0,3,0,2
2829,3,0,0,0,3,1,2
2830,3,0,0,0,3,2,2
2831,3,0,0,0,3,3,2
2832,3,0,0,1,0,0,1
2833,3,0,0,1,0,1,1
2834,3,0,0,1,0,2,1
2835,3,0,0,1,0,3,1
2836,3,0,0,1,1,0,1
2837,3,0,0,1,1,1,1
2838,3,0,0,1,1,2,1
2839,3,0,0,1,1,3,1
2840,3,0,0,1,2,0,2
2841,3,0,0,1,2,1,2
2842,3,0,0,1,2,2,2
2843,3,0,0,1,2,3,3
2844,3,0,0,1,3,0,2
2845,3,0,0,1,3,1,2
2846,3,0,0,1,3,2,2
2847,3,0,0,1,3,3,2
2848,3,0,0,2,0,0,1
2849,3,0,0,2,0,1,1
2850,3,0,0,2,0,2,1
2851,3,0,0,2,0,3,1
2852,3,0,0,2,1,0,1
2853,3,0,0,2,1,1,1
2854,3,0,0,2,1,2,1
2855,3,0,0,2,1,3,1
2856,3,0,0,2,2,0,2
2857,3,0,0,2,2,1,2
2858,3,0,0,2,2,2,2
2859,3,0,0,2,2,3,2
2860,3,0,0,2,3,0,2
2861,3,0,0,2,3,1,2
2862,3,0,0,2,3,2,2
2863,3,0,0,2,3,3,2
2864,3,0,0,3,0,0,1
2865,3,0,0,3,0,1,1
2866,3,0,0,3,0,2,1
2867,3,0,0,3,0,3,1
2868,3,0,0,3,1,0,1
2869,3,0,0,3,1,1,1
2870,3,0,0,3,1,2,1
2871,3,0,0,3,1,3,1
2872,3,0,0,3,2,0,1
2873,3,0,0,3,2,1,1
2874,3,0,0,3,2,2,1
2875,3,0,0,3,2,3,1
2876,3,0,0,3,3,0,1
2877,3,0,0,3,3,1,1
2878,3,0,0,3,3,2,1
2879,3,0,0,3,3,3,1
2880,3,0,1,0,0,0,0
2881,3,0,1,0,0,1,0
2882,3,0,1,0,0,2,3
2883,3,0,1,0,0,3,3
2884,3,0,1,0,1,0,2
2885,3,0,1,0,1,1,2
2886,3,0,1,0,1,2,2
2887,3,0,1,0,1,3,2
2888,3,0,1,0,2,0,2
2889,3,0,1,0,2,1,2
2890,3,0,1,0,2,2,2
2891,3,0,1,0,2,3,2
2892,3,0,1,0,3,0,2
2893,3,0,1,0,3,1,2
2894,3,0,1,0,3,2,2
2895,3,0,1,0,3,3,2
2896,3,0,1,1,0,0,1
2897,3,0,1,1,0,1,1
2898,3,0,1,1,0,2,1
2899,3,0,1,1,0,3,1
2900,3,0,1,1,1,0,2
2901,3,0,1,1,1,1,2
2902,3,0,1,1,1,2,2
2903,3,0,1,1,1,3,2
2904,3,0,1,1,2,0,2
2905,3,0,1,1,2,1,2
2906,3,0,1,1,2,2,2
2907,3,0,1,1,2,3,2
2908,3,0,1,1,3,0,1
2909,3,0,1,1,3,1,1
2910,3,0,1,1,3,2,1
2911,3,0,1,1,3,3,1
2912,3,0,1,2,0,0,1
2913,3,0,1,2,0,1,1
2914,3,0,1,2,0,2,1
2915,3,0,1,2,0,3,1
2916,3,0,1,2,1,0,1
2917,3,0,1,2,1,1,1
2918,3,0,1,2,1,2,1
2919,3,0,1,2,1,3,1
2920,3,0,1,2,2,0,1
2921,3,0,1,2,2,1,1
2922,3,0,1,2,2,2,1
2923,3,0,1,2,2,3,1
2924,3,0,1,2,3,0,2
2925,3,0,1,2,3,1,2
2926,3,0,1,2,3,2,2
2927,3,0,1,2,3,3,2
2928,3,0,1,3,0,0,1
2929,3,0,1,3,0,1,1
2930,3,0,1,3,0,2,1
2931,3,0,1,3,0,3,1
2932,3,0,1,3,1,0,1
2933,3,0,1,3,1,1,1
2934,3,0,1,3,1,2,1
2935,3,0,1,3,1,3,1
2936,3,0,1,3,2,0,1
2937,3,0,1,3,2,1,1
2938,3,0,1,3,2,2,1
2939,3,0,1,3,2,3,1
2940,3,0,1,3,3,0,1
2941,3,0,1,3,3,1,1
2942,3,0,1,3,3,2,1
2943,3,0,1,3,3,3,1
2944,3,0,2,0,0,0,0
2945,3,0,2,0,0,1,0
2946,3,0,2,0,0,2,3
2947,3,0,2,0,0,3,3
2948,3,0,2,0,1,0,2
2949,3,0,2,0,1,1,2
2950,3,0,2,0,1,2,2
2951,3,0,2,0,1,3,2
2952,3,0,2,0,2,0,2
2953,3,0,2,0,2,1,2
2954,3,0,2,0,2,2,2
2955,3,0,2,0,2,3,2
2956,3,0,2,0,3,0,2
2957,3,0,2,0,3,1,2
2958,3,0,2,0,3,2,2
2959,3,0,2,0,3,3,2
2960,3,0,2,1,0,0,1
2961,3,0,2,1,0,1,1
2962,3,0,2,1,0,2,1
2963,3,0,2,1,0,3,1
2964,3,0,2,1,1,0,2
2965,3,0,2,1,1,1,2
2966,3,0,2,1,1,2,2
2967,3,0,2,1,1,3,2
2968,3,0,2,1,2,0,2
2969,3,0,2,1,2,1,2
2970,3,0,2,1,2,2,2
2971,3,0,2,1,2,3,2
2972,3,0,2,1,3,0,1
2973,3,0,2,1,3,1,1
2974,3,0,2,1,3,2,1
2975,3,0,2,1,3,3,1
2976,3,0,2,2,0,0,1
2977,3,0,2,2,0,1,1
2978,3,0,2,2,0,2,1
2979,3,0,2,2,0,3,1
2980,3,0,2,2,1,0,1
2981,3,0,2,2,1,1,1
2982,3,0,2,2,1,2,1
2983,3,0,2,2,1,3,1
2984,3,0,2,2,2,0,1
2985,3,0,2,2,2,1,1
2986,3,0,2,2,2,2,1
2987,3,0,2,2,2,3,1
2988,3,0,2,2,3,0,2
2989,3,0,2,2,3,1,2
2990,3,0,2,2,3,2,2
2991,3,0,2,2,3,3,2
2992,3,0,2,3,0,0,1
2993,3,0,2,3,0,1,1
2994,3,0,2,3,0,2,1
2995,3,0,2,3,0,3,1
2996,3,0,2,3,1,0,1
2997,3,0,2,3,1,1,1
2998,3,0,2,3,1,2,1
2999,3,0,2,3,1,3,1
3000,3,0,2,3,2,0,1
3001,3,0,2,3,2,1,1
3002,3,0,2,3,2,2,1
3003,3,0,2,3,2,3,1
3004,3,0,2,3,3,0,1
3005,3,0,2,3,3,1,1
3006,3,0,2,3,3,2,1
3007,3,0,2,3,3,3,1
3008,3,0,3,0,0,0,0
3009,3,0,3,0,0,1,0
3010,3,0,3,0,0,2,3
3011,3,0,3,0,0,3,3
3012,3,0,3,0,1,0,2
3013,3,0,3,0,1,1,2
3014,3,0,3,0,1,2,2
3015,3,0,3,0,1,3,2
3016,3,0,3,0,2,0,2
3017,3,0,3,0,2,1,2
3018,3,0,3,0,2,2,2
3019,3,0,3,0,2,3,2
3020,3,0,3,0,3,0,2
3021,3,0,3,0,3,1,2
3022,3,0,3,0,3,2,2
3023,3,0,3,0,3,3,2
3024,3,0,3,1,0,0,1
3025,3,0,3,1,0,1,1
3026,3,0,3,1,0,2,1
3027,3,0,3,1,0,3,1
3028,3,0,3,1,1,0,2
3029,3,0,3,1,1,1,2
3030,3,0,3,1,1,2,2
3031,3,0,3,1,1,3,2
3032,3,0,3,1,2,0,2
3033,3,0,3,1,2,1,2
3034,3,0,3,1,2,2,2
3035,3,0,3,1,2,3,2
3036,3,0,3,1,3,0,1
3037,3,0,3,1,3,1,1
3038,3,0,3,1,3,2,1
3039,3,0,3,1,3,3,1
3040,3,0,3,2,0,0,1
3041,3,0,3,2,0,1,1
3042,3,0,3,2,0,2,1
3043,3,0,3,2,0,3,1
3044,3,0,3,2,1,0,1
3045,3,0,3,2,1,1,1
3046,3,0,3,2,1,2,1
3047,3,0,3,2,1,3,1
3048,3,0,3,2,2,0,1
3049,3,0,3,2,2,1,1
3050,3,0,3,2,2,2,1
3051,3,0,3,2,2,3,1
3052,3,0,3,2,3,0,2
3053,3,0,3,2,3,1,2
3054,3,0,3,2,3,2,2
3055,3,0,3,2,3,3,2
3056,3,0,3,3,0,0,1
3057,3,0,3,3,0,1,1
3058,3,0,3,3,0,2,1
3059,3,0,3,3,0,3,1
3060,3,0,3,3,1,0,1
3061,3,0,3,3,1,1,1
3062,3,0,3,3,1,2,1
3063,3,0,3,3,1,3,1
3064,3,0,3,3,2,0,1
3065,3,0,3,3,2,1,1
3066,3,0,3,3,2,2,1
3067,3,0,3,3,2,3,1
3068,3,0,3,3,3,0,1
3069,3,0,3,3,3,1,1
3070,3,0,3,3,3,2,1
3071,3,0,3,3,3,3,1
3072,3,1,0,0,0,0,4
3073,3,1,0,0,0,1,3
3074,3,1,0,0,0,2,3
3075,3,1,0,0,0,3,3
3076,3,1,0,0,1,0,2
3077,3,1,0,0,1,1,2
3078,3,1,0,0,1,2,2
3079,3,1,0,0,1,3,2
3080,3,1,0,0,2,0,2
3081,3,1,0,0,2,1,2
3082,3,1,0,0,2,2,2
3083,3,1,0,0,2,3,2
3084,3,1,0,0,3,0,2
3085,3,1,0,0,3,1,2
3086,3,1,0,0,3,2,2
3087,3,1,0,0,3,3,2
3088,3,1,0,1,0,0,1
3089,3,1,0,1,0,1,1
3090,3,1,0,1,0,2,1
3091,3,1,0,1,0,3,1
3092,3,1,0,1,1,0,1
3093,3,1,0,1,1,1,1
3094,3,1,0,1,1,2,1
3095,3,1,0,1,1,3,1
3096,3,1,0,1,2,0,2
3097,3,1,0,1,2,1,2
3098,3,1,0,1,2,2,2
3099,3,1,0,1,2,3,3
3100,3,1,0,1,3,0,2
3101,3,1,0,1,3,1,2
3102,3,1,0,1,3,2,2
3103,3,1,0,1,3,3,2
3104,3,1,0,2,0,0,1
3105,3,1,0,2,0,1,1
3106,3,1,0,2,0,2,1
3107,3,1,0,2,0,3,1
3108,3,1,0,2,1,0,1
3109,3,1,0,2,1,1,1
3110,3,1,0,2,1,2,1
3111,3,1,0,2,1,3,1
3112,3,1,0,2,2,0,2
3113,3,1,0,2,2,1,2
3114,3,1,0,2,2,2,2
3115,3,1,0,2,2,3,2
3116,3,1,0,2,3,0,2
3117,3,1,0,2,3,1,2
3118,3,1,0,2,3,2,2
3119,3,1,0,2,3,3,2
3120,3,1,0,3,0,0,1
3121,3,1,0,3,0,1,1
3122,3,1,0,3,0,2,1
3123,3,1,0,3,0,3,1
3124,3,1,0,3,1,0,1
3125,3,1,0,3,1,1,1
3126,3,1,0,3,1,2,1
3127,3,1,0,3,1,3,1
3128,3,1,0,3,2,0,1
3129,3,1,0,3,2,1,1
3130,3,1,0,3,2,2,1
3131,3,1,0,3,2,3,1
3132,3,1,0,3,3,0,1
3133,3,1,0,3,3,1,1
3134,3,1,0,3,3,2,1
3135,3,1,0,3,3,3,1
3136,3,1,1,0,0,0,0
3137,3,1,1,0,0,1,0
3138,3,1,1,0,0,2,3
3139,3,1,1,0,0,3,3
3140,3,1,1,0,1,0,2
3141,3,1,1,0,1,1,2
3142,3,1,1,0,1,2,2
3143,3,1,1,0,1,3,2
3144,3,1,1,0,2,0,2
3145,3,1,1,0,2,1,2
3146,3,1,1,0,2,2,2
3147,3,1,1,0,2,3,2
3148,3,1,1,0,3,0,2
3149,3,1,1,0,3,1,2
3150,3,1,1,0,3,2,2
3151,3,1,1,0,3,3,2
3152,3,1,1,1,0,0,1
3153,3,1,1,1,0,1,1
3154,3,1,1,1,0,2,1
3155,3,1,1,1,0,3,1
3156,3,1,1,1,1,0,2
3157,3,1,1,1,1,1,2
3158,3,1,1,1,1,2,2
3159,3,1,1,1,1,3,2
3160,3,1,1,1,2,0,2
3161,3,1,1,1,2,1,2
3162,3,1,1,1,2,2,2
3163,3,1,1,1,2,3,2
3164,3,1,1,1,3,0,1
3165,3,1,1,1,3,1,1
3166,3,1,1,1,3,2,1
3167,3,1,1,1,3,3,1
3168,3,1,1,2,0,0,1
3169,3,1,1,2,0,1,1
3170,3,1,1,2,0,2,1
3171,3,1,1,2,0,3,1
3172,3,1,1,2,1,0,1
3173,3,1,1,2,1,1,1
3174,3,1,1,2,1,2,1
3175,3,1,1,2,1,3,1
3176,3,1,1,2,2,0,1
3177,3,1,1,2,2,1,1
3178,3,1,1,2,2,2,1
3179,3,1,1,2,2,3,1
3180,3,1,1,2,3,0,2
3181,3,1,1,2,3,1,2
3182,3,1,1,2,3,2,2
3183,3,1,1,2,3,3,2
3184,3,1,1,3,0,0,1
3185,3,1,1,3,0,1,1
3186,3,1,1,3,0,2,1
3187,3,1,1,3,0,3,1
3188,3,1,1,3,1,0,1
3189,3,1,1,3,1,1,1
3190,3,1,1,3,1,2,1
3191,3,1,1,3,1,3,1
3192,3,1,1,3,2,0,1
3193,3,1,1,3,2,1,1
3194,3,1,1,3,2,2,1
3195,3,1,1,3,2,3,1
3196,3,1,1,3,3,0,1
3197,3,1,1,3,3,1,1
3198,3,1,1,3,3,2,1
3199,3,1,1,3,3,3,1
3200,3,1,2,0,0,0,0
3201,3,1,2,0,0,1,0
3202,3,1,2,0,0,2,3
3203,3,1,2,0,0,3,3
3204,3,1,2,0,1,0,2
3205,3,1,2,0,1,1,2
3206,3,1,2,0,1,2,2
3207,3,1,2,0,1,3,2
3208,3,1,2,0,2,0,2
3209,3,1,2,0,2,1,2
3210,3,1,2,0,2,2,2
3211,3,1,2,0,2,3,2
3212,3,1,2,0,3,0,2
3213,3,1,2,0,3,1,2
3214,3,1,2,0,3,2,2
3215,3,1,2,0,3,3,2
3216,3,1,2,1,0,0,1
3217,3,1,2,1,0,1,1
3218,3,1,2,1,0,2,1
3219,3,1,2,1,0,3,1
3220,3,1,2,1,1,0,2
3221,3,1,2,1,1,1,2
3222,3,1,2,1,1,2,2
3223,3,1,2,1,1,3,2
3224,3,1,2,1,2,0,2
3225,3,1,2,1,2,1,2
3226,3,1,2,1,2,2,2
3227,3,1,2,1,2,3,2
3228,3,1,2,1,3,0,1
3229,3,1,2,1,3,1,1
3230,3,1,2,1,3,2,1
3231,3,1,2,1,3,3,1
3232,3,1,2,2,0,0,1
3233,3,1,2,2,0,1,1
3234,3,1,2,2,0,2,1
3235,3,1,2,2,0,3,1
3236,3,1,2,2,1,0,1
3237,3,1,2,2,1,1,1
3238,3,1,2,2,1,2,1
3239,3,1,2,2,1,3,1
3240,3,1,2,2,2,0,1
3241,3,1,2,2,2,1,1
3242,3,1,2,2,2,2,1
3243,3,1,2,2,2,3,1
3244,3,1,2,2,3,0,2
3245,3,1,2,2,3,1,2
3246,3,1,2,2,3,2,2
3247,3,1,2,2,3,3,2
3248,3,1,2,3,0,0,1
3249,3,1,2,3,0,1,1
3250,3,1,2,3,0,2,1
3251,3,1,2,3,0,3,1
3252,3,1,2,3,1,0,1
3253,3,1,2,3,1,1,1
3254,3,1,2,3,1,2,1
3255,3,1,2,3,1,3,1
3256,3,1,2,3,2,0,1
3257,3,1,2,3,2,1,1
3258,3,1,2,3,2,2,1
3259,3,1,2,3,2,3,1
3260,3,1,2,3,3,0,1
3261,3,1,2,3,3,1,1
3262,3,1,2,3,3,2,1
3263,3,1,2,3,3,3,1
3264,3,1,3,0,0,0,0
3265,3,1,3,0,0,1,0
3266,3,1,3,0,0,2,3
3267,3,1,3,0,0,3,3
3268,3,1,3,0,1,0,2
3269,3,1,3,0,1,1,2
3270,3,1,3,0,1,2,2
3271,3,1,3,0,1,3,2
3272,3,1,3,0,2,0,2
3273,3,1,3,0,2,1,2
3274,3,1,3,0,2,2,2
3275,3,1,3,0,2,3,2
3276,3,1,3,0,3,0,2
3277,3,1,3,0,3,1,2
3278,3,1,3,0,3,2,2
3279,3,1,3,0,3,3,2
3280,3,1,3,1,0,0,1
3281,3,1,3,1,0,1,1
3282,3,1,3,1,0,2,1
3283,3,1,3,1,0,3,1
3284,3,1,3,1,1,0,2
3285,3,1,3,1,1,1,2
3286,3,1,3,1,1,2,2
3287,3,1,3,1,1,3,2
3288,3,1,3,1,2,0,2
3289,3,1,3,1,2,1,2
3290,3,1,3,1,2,2,2
3291,3,1,3,1,2,3,2
3292,3,1,3,1,3,0,1
3293,3,1,3,1,3,1,1
3294,3,1,3,1,3,2,1
3295,3,1,3,1,3,3,1
3296,3,1,3,2,0,0,1
3297,3,1,3,2,0,1,1
3298,3,1,3,2,0,2,1
3299,3,1,3,2,0,3,1
3300,3,1,3,2,1,0,1
3301,3,1,3,2,1,1,1
3302,3,1,3,2,1,2,1
3303,3,1,3,2,1,3,1
3304,3,1,3,2,2,0,1
3305,3,1,3,2,2,1,1
3306,3,1,3,2,2,2,1
3307,3,1,3,2,2,3,1
3308,3,1,3,2,3,0,2
3309,3,1,3,2,3,1,2
3310,3,1,3,2,3,2,2
3311,3,1,3,2,3,3,2
3312,3,1,3,3,0,0,1
3313,3,1,3,3,0,1,1
3314,3,1,3,3,0,2,1
3315,3,1,3,3,0,3,1
3316,3,1,3,3,1,0,1
3317,3,1,3,3,1,1,1
3318,3,1,3,3,1,2,1
3319,3,1,3,3,1,3,1
3320,3,1,3,3,2,0,1
3321,3,1,3,3,2,1,1
3322,3,1,3,3,2,2,1
3323,3,1,3,3,2,3,1
3324,3,1,3,3,3,0,1
3325,3,1,3,3,3,1,1
3326,3,1,3,3,3,2,1
3327,3,1,3,3,3,3,1
3328,3,2,0,0,0,0,4
3329,3,2,0,0,0,1,3
3330,3,2,0,0,0,2,3
3331,3,2,0,0,0,3,3
3332,3,2,0,0,1,0,2
3333,3,2,0,0,1,1,2
3334,3,2,0,0,1,2,2
3335,3,2,0,0,1,3,2
3336,3,2,0,0,2,0,2
3337,3,2,0,0,2,1,2
3338,3,2,0,0,2,2,2
3339,3,2,0,0,2,3,2
3340,3,2,0,0,3,0,2
3341,3,2,0,0,3,1,2
3342,3,2,0,0,3,2,2
3343,3,2,0,0,3,3,2
3344,3,2,0,1,0,0,1
3345,3,2,0,1,0,1,1
3346,3,2,0,1,0,2,1
3347,3,2,0,1,0,3,1
3348,3,2,0,1,1,0,1
3349,3,2,0,1,1,1,1
3350,3,2,0,1,1,2,1
3351,3,2,0,1,1,3,1
3352,3,2,0,1,2,0,2
3353,3,2,0,1,2,1,2
3354,3,2,0,1,2,2,2
3355,3,2,0,1,2,3,3
3356,3,2,0,1,3,0,2
3357,3,2,0,1,3,1,2
3358,3,2,0,1,3,2,2
3359,3,2,0,1,3,3,2
3360,3,2,0,2,0,0,1
3361,3,2,0,2,0,1,1
3362,3,2,0,2,0,2,1
3363,3,2,0,2,0,3,1
3364,3,2,0,2,1,0,1
3365,3,2,0,2,1,1,1
3366,3,2,0,2,1,2,1
3367,3,2,0,2,1,3,1
3368,3,2,0,2,2,0,2
3369,3,2,0,2,2,1,2
3370,3,2,0,2,2,2,2
3371,3,2,0,2,2,3,2
3372,3,2,0,2,3,0,2
3373,3,2,0,2,3,1,2
3374,3,2,0,2,3,2,2
3375,3,2,0,2,3,3,2
3376,3,2,0,3,0,0,1
3377,3,2,0,3,0,1,1
3378,3,2,0,3,0,2,1
3379,3,2,0,3,0,3,1
3380,3,2,0,3,1,0,1
3381,3,2,0,3,1,1,1
3382,3,2,0,3,1,2,1
3383,3,2,0,3,1,3,1
3384,3,2,0,3,2,0,1
3385,3,2,0,3,2,1,1
3386,3,2,0,3,2,2,1
3387,3,2,0,3,2,3,1
3388,3,2,0,3,3,0,1
3389,3,2,0,3,3,1,1
3390,3,2,0,3,3,2,1
3391,3,2,0,3,3,3,1
3392,3,2,1,0,0,0,0
3393,3,2,1,0,0,1,0
3394,3,2,1,0,0,2,3
3395,3,2,1,0,0,3,3
3396,3,2,1,0,1,0,2
3397,3,2,1,0,1,1,2
3398,3,2,1,0,1,2,2
3399,3,2,1,0,1,3,2
3400,3,2,1,0,2,0,2
3401,3,2,1,0,2,1,2
3402,3,2,1,0,2,2,2
3403,3,2,1,0,2,3,2
3404,3,2,1,0,3,0,2
3405,3,2,1,0,3,1,2
3406,3,2,1,0,3,2,2
3407,3,2,1,0,3,3,2
3408,3,2,1,1,0,0,1
3409,3,2,1,1,0,1,1
3410,3,2,1,1,0,2,1
3411,3,2,1,1,0,3,1
3412,3,2,1,1,1,0,2
3413,3,2,1,1,1,1,2
3414,3,2,1,1,1,2,2
3415,3,2,1,1,1,3,2
3416,3,2,1,1,2,0,2
3417,3,2,1,1,2,1,2
3418,3,2,1,1,2,2,2
3419,3,2,1,1,2,3,2
3420,3,2,1,1,3,0,1
3421,3,2,1,1,3,1,1
3422,3,2,1,1,3,2,1
3423,3,2,1,1,3,3,1
3424,3,2,1,2,0,0,1
3425,3,2,1,2,0,1,1
3426,3,2,1,2,0,2,1
3427,3,2,1,2,0,3,1
3428,3,2,1,2,1,0,1
3429,3,2,1,2,1,1,1
3430,3,2,1,2,1,2,1
3431,3,2,1,2,1,3,1
3432,3,2,1,2,2,0,1
3433,3,2,1,2,2,1,1
3434,3,2,1,2,2,2,1
3435,3,2,1,2,2,3,1
3436,3,2,1,2,3,0,2
3437,3,2,1,2,3,1,2
3438,3,2,1,2,3,2,2
3439,3,2,1,2,3,3,2
3440,3,2,1,3,0,0,1
3441,3,2,1,3,0,1,1
3442,3,2,1,3,0,2,1
3443,3,2,1,3,0,3,1
3444,3,2,1,3,1,0,1
3445,3,2,1,3,1,1,1
3446,3,2,1,3,1,2,1
3447,3,2,1,3,1,3,1
3448,3,2,1,3,2,0,1
3449,3,2,1,3,2,1,1
3450,3,2,1,3,2,2,1
3451,3,2,1,3,2,3,1
3452,3,2,1,3,3,0,1
3453,3,2,1,3,3,1,1
3454,3,2,1,3,3,2,1
3455,3,2,1,3,3,3,1
3456,3,2,2,0,0,0,0
3457,3,2,2,0,0,1,0
3458,3,2,2,0,0,2,3
3459,3,2,2,0,0,3,3
3460,3,2,2,0,1,0,2
3461,3,2,2,0,1,1,2
3462,3,2,2,0,1,2,2
3463,3,2,2,0,1,3,2
3464,3,2,2,0,2,0,2
3465,3,2,2,0,2,1,2
3466,3,2,2,0,2,2,2
3467,3,2,2,0,2,3,2
3468,3,2,2,0,3,0,2
3469,3,2,2,0,3,1,2
3470,3,2,2,0,3,2,2
3471,3,2,2,0,3,3,2
3472,3,2,2,1,0,0,1
3473,3,2,2,1,0,1,1
3474,3,2,2,1,0,2,1
3475,3,2,2,1,0,3,1
3476,3,2,2,1,1,0,2
3477,3,2,2,1,1,1,2
3478,3,2,2,1,1,2,2
3479,3,2,2,1,1,3,2
3480,3,2,2,1,2,0,2
3481,3,2,2,1,2,1,2
3482,3,2,2,1,2,2,2
3483,3,2,2,1,2,3,2
3484,3,2,2,1,3,0,1
3485,3,2,2,1,3,1,1
3486,3,2,2,1,3,2,1
3487,3,2,2,1,3,3,1
3488,3,2,2,2,0,0,1
3489,3,2,2,2,0,1,1
3490,3,2,2,2,0,2,1
3491,3,2,2,2,0,3,1
3492,3,2,2,2,1,0,1
3493,3,2,2,2,1,1,1
3494,3,2,2,2,1,2,1
3495,3,2,2,2,1,3,1
3496,3,2,2,2,2,0,1
3497,3,2,2,2,2,1,1
3498,3,2,2,2,2,2,1
3499,3,2,2,2,2,3,1
3500,3,2,2,2,3,0,2
3501,3,2,2,2,3,1,2
3502,3,2,2,2,3,2,2
3503,3,2,2,2,3,3,2
3504,3,2,2,3,0,0,1
3505,3,2,2,3,0,1,1
3506,3,2,2,3,0,2,1
3507,3,2,2,3,0,3,1
3508,3,2,2,3,1,0,1
3509,3,2,2,3,1,1,1
3510,3,2,2,3,1,2,1
3511,3,2,2,3,1,3,1
3512,3,2,2,3,2,0,1
3513,3,2,2,3,2,1,1
3514,3,2,2,3,2,2,1
3515,3,2,2,3,2,3,1
3516,3,2,2,3,3,0,1
3517,3,2,2,3,3,1,1
3518,3,2,2,3,3,2,1
3519,3,2,2,3,3,3,1
3520,3,2,3,0,0,0,0
3521,3,2,3,0,0,1,0
3522,3,2,3,0,0,2,3
3523,3,2,3,0,0,3,3
3524,3,2,3,0,1,0,2
3525,3,2,3,0,1,1,2
3526,3,2,3,0,1,2,2
3527,3,2,3,0,1,3,2
3528,3,2,3,0,2,0,2
3529,3,2,3,0,2,1,2
3530,3,2,3,0,2,2,2
3531,3,2,3,0,2,3,2
3532,3,2,3,0,3,0,2
3533,3,2,3,0,3,1,2
3534,3,2,3,0,3,2,2
3535,3,2,3,0,3,3,2
3536,3,2,3,1,0,0,1
3537,3,2,3,1,0,1,1
3538,3,2,3,1,0,2,1
3539,3,2,3,1,0,3,1
3540,3,2,3,1,1,0,2
3541,3,2,3,1,1,1,2
3542,3,2,3,1,1,2,2
3543,3,2,3,1,1,3,2
3544,3,2,3,1,2,0,2
3545,3,2,3,1,2,1,2
3546,3,2,3,1,2,2,2
3547,3,2,3,1,2,3,2
3548,3,2,3,1,3,0,1
3549,3,2,3,1,3,1,1
3550,3,2,3,1,3,2,1
3551,3,2,3,1,3,3,1
3552,3,2,3,2,0,0,1
3553,3,2,3,2,0,1,1
3554,3,2,3,2,0,2,1
3555,3,2,3,2,0,3,1
3556,3,2,3,2,1,0,1
3557,3,2,3,2,1,1,1
3558,3,2,3,2,1,2,1
3559,3,2,3,2,1,3,1
3560,3,2,3,2,2,0,1
3561,3,2,3,2,2,1,1
3562,3,2,3,2,2,2,1
3563,3,2,3,2,2,3,1
3564,3,2,3,2,3,0,2
3565,3,2,3,2,3,1,2
3566,3,2,3,2,3,2,2
3567,3,2,3,2,3,3,2
3568,3,2,3,3,0,0,1
3569,3,2,3,3,0,1,1
3570,3,2,3,3,0,2,1
3571,3,2,3,3,0,3,1
3572,3,2,3,3,1,0,1
3573,3,2,3,3,1,1,1
3574,3,2,3,3,1,2,1
3575,3,2,3,3,1,3,1
3576,3,2,3,3,2,0,1
3577,3,2,3,3,2,1,1
3578,3,2,3,3,2,2,1
3579,3,2,3,3,2,3,1
3580,3,2,3,3,3,0,1
3581,3,2,3,3,3,1,1
3582,3,2,3,3,3,2,1
3583,3,2,3,3,3,3,1
3584,3,3,0,0,0,0,4
3585,3,3,0,0,0,1,3
3586,3,3,0,0,0,2,3
3587,3,3,0,0,0,3,3
3588,3,3,0,0,1,0,2
3589,3,3,0,0,1,1,2
3590,3,3,0,0,1,2,2
3591,3,3,0,0,1,3,2
3592,3,3,0,0,2,0,2
3593,3,3,0,0,2,1,2
3594,3,3,0,0,2,2,2
3595,3,3,0,0,2,3,2
3596,3,3,0,0,3,0,2
3597,3,3,0,0,3,1,2
3598,3,3,0,0,3,2,2
3599,3,3,0,0,3,3,2
3600,3,3,0,1,0,0,1
3601,3,3,0,1,0,1,1
3602,3,3,0,1,0,2,1
3603,3,3,0,1,0,3,1
3604,3,3,0,1,1,0,1
3605,3,3,0,1,1,1,1
3606,3,3,0,1,1,2,1
3607,3,3,0,1,1,3,1
3608,3,3,0,1,2,0,2
3609,3,3,0,1,2,1,2
3610,3,3,0,1,2,2,2
3611,3,3,0,1,2,3,3
3612,3,3,0,1,3,0,2
3613,3,3,0,1,3,1,2
3614,3,3,0,1,3,2,2
3615,3,3,0,1,3,3,2
3616,3,3,0,2,0,0,1
3617,3,3,0,2,0,1,1
3618,3,3,0,2,0,2,1
3619,3,3,0,2,0,3,1
3620,3,3,0,2,1,0,1
3621,3,3,0,2,1,1,1
3622,3,3,0,2,1,2,1
3623,3,3,0,2,1,3,1
3624,3,3,0,2,2,0,2
3625,3,3,0,2,2,1,2
3626,3,3,0,2,2,2,2
3627,3,3,0,2,2,3,2
3628,3,3,0,2,3,0,2
3629,3,3,0,2,3,1,2
3630,3,3,0,2,3,2,2
3631,3,3,0,2,3,3,2
3632,3,3,0,3,0,0,1
3633,3,3,0,3,0,1,1
3634,3,3,0,3,0,2,1
3635,3,3,0,3,0,3,1
3636,3,3,0,3,1,0,1
3637,3,3,0,3,1,1,1
3638,3,3,0,3,1,2,1
3639,3,3,0,3,1,3,1
3640,3,3,0,3,2,0,1
3641,3,3,0,3,2,1,1
3642,3,3,0,3,2,2,1
3643,3,3,0,3,2,3,1
3644,3,3,0,3,3,0,1
3645,3,3,0,3,3,1,1
3646,3,3,0,3,3,2,1
3647,3,3,0,3,3,3,1
3648,3,3,1,0,0,0,0
3649,3,3,1,0,0,1,0
3650,3,3,1,0,0,2,3
3651,3,3,1,0,0,3,3
3652,3,3,1,0,1,0,2
3653,3,3,1,0,1,1,2
3654,3,3,1,0,1,2,2
3655,3,3,1,0,1,3,2
3656,3,3,1,0,2,0,2
3657,3,3,1,0,2,1,2
3658,3,3,1,0,2,2,2
3659,3,3,1,0,2,3,2
3660,3,3,1,0,3,0,2
3661,3,3,1,0,3,1,2
3662,3,3,1,0,3,2,2
3663,3,3,1,0,3,3,2
3664,3,3,1,1,0,0,1
3665,3,3,1,1,0,1,1
3666,3,3,1,1,0,2,1
3667,3,3,1,1,0,3,1
3668,3,3,1,1,1,0,2
3669,3,3,1,1,1,1,2
3670,3,3,1,1,1,2,2
3671,3,3,1,1,1,3,2
3672,3,3,1,1,2,0,2
3673,3,3,1,1,2,1,2
3674,3,3,1,1,2,2,2
3675,3,3,1,1,2,3,2
3676,3,3,1,1,3,0,1
3677,3,3,1,1,3,1,1
3678,3,3,1,1,3,2,1
3679,3,3,1,1,3,3,1
3680,3,3,1,2,0,0,1
3681,3,3,1,2,0,1,1
3682,3,3,1,2,0,2,1
3683,3,3,1,2,0,3,1
3684,3,3,1,2,1,0,1
3685,3,3,1,2,1,1,1
3686,3,3,1,2,1,2,1
3687,3,3,1,2,1,3,1
3688,3,3,1,2,2,0,1
3689,3,3,1,2,2,1,1
3690,3,3,1,2,2,2,1
3691,3,3,1,2,2,3,1
3692,3,3,1,2,3,0,2
3693,3,3,1,2,3,1,2
3694,3,3,1,2,3,2,2
3695,3,3,1,2,3,3,2
3696,3,3,1,3,0,0,1
3697,3,3,1,3,0,1,1
3698,3,3,1,3,0,2,1
3699,3,3,1,3,0,3,1
3700,3,3,1,3,1,0,1
3701,3,3,1,3,1,1,1
3702,3,3,1,3,1,2,1
3703,3,3,1,3,1,3,1
3704,3,3,1,3,2,0,1
3705,3,3,1,3,2,1,1
3706,3,3,1,3,2,2,1
3707,3,3,1,3,2,3,1
3708,3,3,1,3,3,0,1
3709,3,3,1,3,3,1,1
3710,3,3,1,3,3,2,1
3711,3,3,1,3,3,3,1
3712,3,3,2,0,0,0,0
3713,3,3,2,0,0,1,0
3714,3,3,2,0,0,2,3
3715,3,3,2,0,0,3,3
3716,3,3,2,0,1,0,2
3717,3,3,2,0,1,1,2
3718,3,3,2,0,1,2,2
3719,3,3,2,0,1,3,2
3720,3,3,2,0,2,0,2
3721,3,3,2,0,2,1,2
3722,3,3,2,0,2,2,2
3723,3,3,2,0,2,3,2
3724,3,3,2,0,3,0,2
3725,3,3,2,0,3,1,2
3726,3,3,2,0,3,2,2
3727,3,3,2,0,3,3,2
3728,3,3,2,1,0,0,1
3729,3,3,2,1,0,1,1
3730,3,3,2,1,0,2,1
3731,3,3,2,1,0,3,1
3732,3,3,2,1,1,0,2
3733,3,3,2,1,1,1,2
3734,3,3,2,1,1,2,2
3735,3,3,2,1,1,3,2
3736,3,3,2,1,2,0,2
3737,3,3,2,1,2,1,2
3738,3,3,2,1,2,2,2
3739,3,3,2,1,2,3,2
3740,3,3,2,1,3,0,1
3741,3,3,2,1,3,1,1
3742,3,3,2,1,3,2,1
3743,3,3,2,1,3,3,1
3744,3,3,2,2,0,0,1
3745,3,3,2,2,0,1,1
3746,3,3,2,2,0,2,1
3747,3,3,2,2,0,3,1
3748,3,3,2,2,1,0,1
3749,3,3,2,2,1,1,1
3750,3,3,2,2,1,2,1
3751,3,3,2,2,1,3,1
3752,3,3,2,2,2,0,1
3753,3,3,2,2,2,1,1
3754,3,3,2,2,2,2,1
3755,3,3,2,2,2,3,1
3756,3,3,2,2,3,0,2
3757,3,3,2,2,3,1,2
3758,3,3,2,2,3,2,2
3759,3,3,2,2,3,3,2
3760,3,3,2,3,0,0,1
3761,3,3,2,3,0,1,1
3762,3,3,2,3,0,2,1
3763,3,3,2,3,0,3,1
3764,3,3,2,3,1,0,1
3765,3,3,2,3,1,1,1
3766,3,3,2,3,1,2,1
3767,3,3,2,3,1,3,1
3768,3,3,2,3,2,0,1
3769,3,3,2,3,2,1,1
3770,3,3,2,3,2,2,1
3771,3,3,2,3,2,3,1
3772,3,3,2,3,3,0,1
3773,3,3,2,3,3,1,1
3774,3,3,2,3,3,2,1
3775,3,3,2,3,3,3,1
3776,3,3,3,0,0,0,0
3777,3,3,3,0,0,1,0
3778,3,3,3,0,0,2,3
3779,3,3,3,0,0,3,3
3780,3,3,3,0,1,0,2
3781,3,3,3,0,1,1,2
3782,3,3,3,0,1,2,2
3783,3,3,3,0,1,3,2
3784,3,3,3,0,2,0,2
3785,3,3,3,0,2,1,2
3786,3,3,3,0,2,2,2
3787,3,3,3,0,2,3,2
3788,3,3,3,0,3,0,2
3789,3,3,3,0,3,1,2
3790,3,3,3,0,3,2,2
3791,3,3,3,0,3,3,2
3792,3,3,3,1,0,0,1
3793,3,3,3,1,0,1,1
3794,3,3,3,1,0,2,1
3795,3,3,3,1,0,3,1
3796,3,3,3,1,1,0,2
3797,3,3,3,1,1,1,2
3798,3,3,3,1,1,2,2
3799,3,3,3,1,1,3,2
3800,3,3,3,1,2,0,2
3801,3,3,3,1,2,1,2
3802,3,3,3,1,2,2,2
3803,3,3,3,1,2,3,2
3804,3,3,3,1,3,0,1
3805,3,3,3,1,3,1,1
3806,3,3,3,1,3,2,1
3807,3,3,3,1,3,3,1
3808,3,3,3,2,0,0,1
3809,3,3,3,2,0,1,1
3810,3,3,3,2,0,2,1
3811,3,3,3,2,0,3,1
3812,3,3,3,2,1,0,1
3813,3,3,3,2,1,1,1
3814,3,3,3,2,1,2,1
3815,3,3,3,2,1,3,1
3816,3,3,3,2,2,0,1
3817,3,3,3,2,2,1,1
3818,3,3,3,2,2,2,1
3819,3,3,3,2,2,3,1
3820,3,3,3,2,3,0,2
3821,3,3,3,2,3,1,2
3822,3,3,3,2,3,2,2
3823,3,3,3,2,3,3,2
3824,3,3,3,3,0,0,1
3825,3,3,3,3,0,1,1
3826,3,3,3,3,0,2,1
3827,3,3,3,3,0,3,1
3828,3,3,3,3,1,0,1
3829,3,3,3,3,1,1,1
3830,3,3,3,3,1,2,1
3831,3,3,3,3,1,3,1
3832,3,3,3,3,2,0,1
3833,3,3,3,3,2,1,1
3834,3,3,3,3,2,2,1
3835,3,3,3,3,2,3,1
3836,3,3,3,3,3,0,1
3837,3,3,3,3,3,1,1
3838,3,3,3,3,3,2,1
3839,3,3,3,3,3,3,1
